Year,Month,beer_volume,new_price,TEMP_MAX_C.,Population..15.45.,Population 45,Total Population,CPI,Real.Mass.Income...Million.2009.R.,GRP..30....5.....Total.Market,Industrial.Production.Index,Number.of.Tourists_LCA,Unemployment_annual,Lowend.Wine.Consumption.10.3.,Average.Temperature,CPI_annual,Unemployment_wb,Brazilian Beer Festival,Jan_flag,oktober_fest,Carnival,pop_ratio, Essential nominal basket price ,Weekend,CCI,Average Temp(Jan to Mar),Average Temp(Apr to Dec),Dummy_Temp,Dummy_T1,Temp(DA),Temp_log
2001,01-01-2001,,2.285587436,30.2106013,89277383,36931811,178419396,54.4,140634.1741,13936.03164,79.55779,599868,11.265,13894.03137,25.82,56.12,12.5369997,0,1,0,0,0.413674883,52.04,8,99.35502,25.82,0,1,0,1,1.411956238
2001,02-01-2001,,2.326919017,30.82616861,89277383,36931811,178419396,54.6,141171.5373,18132.45843,80.61709,491293,11.265,13348.79,26.11,56.12,12.5369997,0,0,0,1,0.413674883,52.39,8,99.48251,26.11,0,1,0,1,1.416806872
2001,03-01-2001,,2.317722168,29.85133162,89277383,36931811,178419396,54.8,141530.3226,11475.60794,79.41654,441257,11.265,15702.29491,26.03,56.12,12.5369997,0,0,0,0,0.413674883,52.87,9,99.36494,26.03,0,1,0,1,1.415474168
2001,04-01-2001,,2.336733553,30.51605179,89277383,36931811,178419396,55.1,137703.3292,6371.526266,79.13406,330361,11.265,15006.96379,25.76,56.12,12.5369997,0,0,0,0,0.413674883,53.63,9,99.07257,0,25.76,0,1,1,0
2001,05-01-2001,,2.341207167,28.7551468,89277383,36931811,178419396,55.4,138628.4063,6317.917443,80.16198,282365,11.265,18087.8155,24.69,56.12,12.5369997,0,0,0,0,0.413674883,54.13,8,98.63644,0,24.69,0,1,0,0
2001,06-01-2001,,2.415444709,27.60253549,89277383,36931811,178419396,55.7,142793.9365,5603.673233,78.63972,365490,11.265,21372.10529,23.18,56.12,12.5369997,0,0,0,0,0.413674883,54.56,9,98.13745,0,23.18,0,1,0,0
2001,07-01-2001,,2.441344519,29.5025058,89277383,36931811,178419396,56.4,140708.0221,7290.049142,78.28661,391006,11.265,19517.62926,24.14,56.12,12.5369997,0,0,0,0,0.413674883,55.17,9,97.97053,0,24.14,0,1,0,0
2001,08-01-2001,,2.466313134,30.45364208,89277383,36931811,178419396,56.8,140765.0349,7579.522957,78.47494,320856,11.265,16786.51793,25.09,56.12,12.5369997,0,0,0,0,0.413674883,55.75,8,97.94151,0,25.09,0,1,0,0
2001,09-01-2001,,2.477171787,31.58349008,89277383,36931811,178419396,56.9,139405.3198,9902.456717,76.8899,268272,11.265,17539.75773,25.59,56.12,12.5369997,0,0,1,0,0.413674883,56.06,10,97.90796,0,25.59,0,1,0,0
2001,10-01-2001,,2.517225422,30.39051582,89277383,36931811,178419396,57.4,139300.2838,8583.201463,75.11655,353974,11.265,21633.88134,26.24,56.12,12.5369997,0,0,1,0,0.413674883,56.63,8,97.75832,0,26.24,0,1,0,0
2001,11-01-2001,,2.56198164,29.58979907,89277383,36931811,178419396,57.8,143768.6563,9111.603068,75.55596,395854,11.265,27623.93185,26.4,56.12,12.5369997,0,0,0,0,0.413674883,57.54,8,97.7113,0,26.4,0,1,0,0
2001,12-01-2001,,2.594296067,29.14836312,89277383,36931811,178419396,58.2,170784.7696,10594.12515,74.88114,532403,11.265,20943.06102,26.02,56.12,12.5369997,0,0,0,0,0.413674883,57.9,10,97.84966,0,26.02,0,1,1,0
2002,01-01-2002,888121557.3,2.592550213,29.5420462,90543833,38330370,181045592,58.5,140642.6607,14780.46447,76.44996,475697,10.643,14267.8412,25.98,60.87,13.04300022,0,1,0,0,0.423334961,59.01,8,98.02445,25.98,0,1,0,1,1.414639147
2002,02-01-2002,793483275.3,2.625359887,26.93494889,90543833,38330370,181045592,58.7,140506.8852,20458.176,78.99503,389597,10.643,13707.93048,26.05,60.87,13.04300022,0,0,0,1,0.423334961,59.15,8,98.20293,26.05,0,1,0,1,1.415807728
2002,03-01-2002,745223928.9,2.646459737,31.22873772,90543833,38330370,181045592,59.1,141731.8117,17930.14508,78.79925,349918,10.643,16124.75489,26.26,60.87,13.04300022,0,0,0,0,0.423334961,59.56,10,98.34035,26.26,0,1,0,1,1.419294722
2002,04-01-2002,731755326.2,2.650682039,32.13183047,90543833,38330370,181045592,59.5,137882.3768,12402.74944,78.50558,261977,10.643,15410.71635,25.91,60.87,13.04300022,0,0,0,0,0.423334961,59.98,8,98.42274,0,25.91,0,1,1,0
2002,05-01-2002,715009171.4,2.660307149,30.40087165,90543833,38330370,181045592,59.7,140538.0261,18378.92609,77.72249,223916,10.643,18574.45637,25.12,60.87,13.04300022,0,0,0,0,0.423334961,59.83,8,98.36835,0,25.12,0,1,0,0
2002,06-01-2002,662029918.2,2.661474246,28.56939417,90543833,38330370,181045592,59.9,143482.0736,26536.57887,78.89714,289834,10.643,21947.10782,23.91,60.87,13.04300022,0,0,0,0,0.423334961,60.47,10,98.23212,0,23.91,0,1,0,0
2002,07-01-2002,661346418.6,2.679955465,29.8884469,90543833,38330370,181045592,60.6,142766.199,11695.20214,78.99503,310069,10.643,20042.73833,24.22,60.87,13.04300022,0,0,0,0,0.423334961,61.35,8,98.2693,0,24.22,0,1,0,0
2002,08-01-2002,637742743.7,2.699245959,32.39352087,90543833,38330370,181045592,61,143368.826,6443.049138,77.91827,254440,10.643,17238.14823,25.2,60.87,13.04300022,0,0,0,0,0.423334961,62.06,9,98.35447,0,25.2,0,1,0,0
2002,09-01-2002,670365235,2.694506798,31.91907739,90543833,38330370,181045592,61.5,141332.9573,6869.582646,79.09291,212740,10.643,18011.65346,25.56,60.87,13.04300022,0,0,1,0,0.423334961,62.45,9,98.51875,0,25.56,0,1,0,0
2002,10-01-2002,700218285.9,2.712063866,33.99420167,90543833,38330370,181045592,62.3,141563.8937,9226.094108,79.1908,280702,10.643,22215.92679,26.9,60.87,13.04300022,0,0,1,0,0.423334961,63.41,8,98.61969,0,26.9,0,1,0,0
2002,11-01-2002,737498246.7,2.835040779,32.12772052,90543833,38330370,181045592,64.1,142663.8468,10435.72187,79.9739,313914,10.643,28367.13569,26.41,60.87,13.04300022,0,0,0,0,0.423334961,65.65,9,98.75243,0,26.41,0,1,0,0
2002,12-01-2002,761605892.9,2.9001709,31.76333372,90543833,38330370,181045592,65.5,169144.2927,7165.467494,78.11404,422197,10.643,21506.5204,26.36,60.87,13.04300022,0,0,0,0,0.423334961,67.63,9,98.88548,0,26.36,0,1,1,0
2003,01-01-2003,883256203.6,2.916420416,30.59719554,91740470,39795932,183627339,67,135437.2156,13833.42418,78.21193,519433,11.081,13619.53211,26.4,69.82,13.67599964,0,1,0,0,0.433788185,69.51,8,98.95827,26.4,0,1,0,1,1.421603927
2003,02-01-2003,796222540.1,2.981655043,30.39369943,91740470,39795932,183627339,68,133111.5483,18951.13689,78.30981,425417,11.081,13085.06288,26.45,69.82,13.67599964,0,0,0,0,0.433788185,70.48,8,99.0067,26.45,0,1,0,1,1.422425676
2003,03-01-2003,808370271.6,2.996386447,30.02566882,91740470,39795932,183627339,68.9,130330.6379,15866.92834,78.4077,382090,11.081,15392.07045,26.03,69.82,13.67599964,0,0,0,1,0.433788185,71.53,10,99.09334,26.03,0,1,0,1,1.415474168
2003,04-01-2003,719336758.9,3.001788519,30.07702784,91740470,39795932,183627339,69.5,126291.752,8226.827831,78.11404,286064,11.081,14710.47674,25.64,69.82,13.67599964,0,0,0,0,0.433788185,72.92,8,99.29343,0,25.64,0,1,1,0
2003,05-01-2003,698107802.7,3.004925979,28.12038034,91740470,39795932,183627339,69.9,127736.3953,7362.809411,76.74361,244503,11.081,17730.4612,24.67,69.82,13.67599964,0,0,0,0,0.433788185,74.01,9,99.50808,0,24.67,0,1,0,0
2003,06-01-2003,652875752.8,3.035009583,27.06021416,91740470,39795932,183627339,69.8,133223.3666,8751.283822,76.93939,316482,11.081,20949.86448,24.52,69.82,13.67599964,0,0,0,0,0.433788185,73.85,9,99.61652,0,24.52,0,1,0,0
2003,07-01-2003,644756067.8,3.154959285,28.99280961,91740470,39795932,183627339,70,134177.3717,9472.234768,76.84151,338577,11.081,19132.02665,23.83,69.82,13.67599964,0,0,0,0,0.433788185,73.76,8,99.52891,0,23.83,0,1,0,0
2003,08-01-2003,629401620.8,3.197751414,29.72813922,91740470,39795932,183627339,70.2,136670.048,10792.18412,77.91827,277833,11.081,16454.87288,24.08,69.82,13.67599964,0,0,0,0,0.433788185,73.82,10,99.36917,0,24.08,0,1,0,0
2003,09-01-2003,623724476.3,3.227925072,30.65835231,91740470,39795932,183627339,70.8,136235.7178,12756.28673,80.46333,232300,11.081,17193.2312,25.4,69.82,13.67599964,0,0,1,0,0.433788185,74.62,8,99.23655,0,25.4,0,1,0,0
2003,10-01-2003,654281516.1,3.217849116,31.43765183,91740470,39795932,183627339,71,136524.8581,12860.07885,80.46333,306511,11.081,21206.46872,26.13,69.82,13.67599964,0,0,1,0,0.433788185,75.04,8,99.23739,0,26.13,0,1,0,0
2003,11-01-2003,693935410.3,3.208992503,30.61786711,91740470,39795932,183627339,71.2,143477.5556,14824.48675,82.32319,342775,11.081,27078.17601,26.13,69.82,13.67599964,0,0,0,0,0.433788185,75.3,10,99.43697,0,26.13,0,1,0,0
2003,12-01-2003,769531579.1,3.209647795,27.54925236,91740470,39795932,183627339,71.6,173597.6298,14235.35642,79.48446,461014,11.081,20529.29668,26.48,69.82,13.67599964,0,0,0,0,0.433788185,75.68,8,99.75546,0,26.48,0,1,1,0
2004,01-01-2004,906385639.1,3.183524757,26.61788671,92795835,41327723,186116363,72.1,140167.7579,18082.60791,81.54009,602508,10.636,12301.98,26.11,74.43,12.87199974,0,1,0,0,0.445361831,76.49,9,100.0101,26.11,0,1,0,1,1.416806872
2004,02-01-2004,800635613.8,3.219981606,30.72987485,92795835,41327723,186116363,72.6,140385.2346,25608.19141,82.32319,493455,10.636,12054.59,25.78,74.43,12.87199974,0,0,0,1,0.445361831,76.61,9,100.0025,25.78,0,1,0,1,1.411282913
2004,03-01-2004,797080807.4,3.230036469,31.58327037,92795835,41327723,186116363,72.9,138345.5191,12207.10144,83.39995,443199,10.636,16912.41,25.89,74.43,12.87199974,0,0,0,0,0.445361831,76.99,8,99.80291,25.89,0,1,0,1,1.41313205
2004,04-01-2004,744598628.1,3.232331622,31.17923055,92795835,41327723,186116363,73.2,137328.1672,9509.432114,84.08516,331815,10.636,12167.04,25.98,74.43,12.87199974,0,0,0,0,0.445361831,77.37,8,99.71202,0,25.98,0,1,1,0
2004,05-01-2004,713287962.3,3.243043937,27.61680997,92795835,41327723,186116363,73.6,135186.8954,12932.11977,85.06403,283607,10.636,17339.72,24.27,74.43,12.87199974,0,0,0,0,0.445361831,77.7,10,99.84315,0,24.27,0,1,0,0
2004,06-01-2004,639374188.8,3.268260703,28.40098074,92795835,41327723,186116363,74.1,142708.6075,12349.16438,85.3577,367098,10.636,24154.16,23.82,74.43,12.87199974,0,0,0,0,0.445361831,77.94,8,99.89088,0,23.82,0,1,0,0
2004,07-01-2004,659807584.2,3.259940438,28.46649628,92795835,41327723,186116363,74.7,141114.5498,11722.81701,85.74924,392726,10.636,20555.78,23.55,74.43,12.87199974,0,0,0,0,0.445361831,78.48,9,99.99026,0,23.55,0,1,0,0
2004,08-01-2004,660382793.1,3.277659037,31.51972978,92795835,41327723,186116363,75.3,143483.3185,18179.31904,86.72812,322268,10.636,16777.47,24.4,74.43,12.87199974,0,0,0,0,0.445361831,78.75,9,100.2319,0,24.4,0,1,0,0
2004,09-01-2004,746219903.2,3.276172517,33.32325551,92795835,41327723,186116363,75.5,142332.174,9917.775658,87.21755,269452,10.636,16507.59,26.03,74.43,12.87199974,0,0,1,0,0.445361831,78.55,8,100.6499,0,26.03,0,1,0,0
2004,10-01-2004,763836929.4,3.276082593,31.48875606,92795835,41327723,186116363,75.8,145953.1516,11889.56985,86.23868,355532,10.636,20150.96,26.29,74.43,12.87199974,0,0,1,0,0.445361831,78.37,10,101.1155,0,26.29,0,1,0,0
2004,11-01-2004,795166742.3,3.279726861,30.08974935,92795835,41327723,186116363,76.4,152447.1086,7875.210979,86.63023,397596,10.636,31800.73,26.34,74.43,12.87199974,0,0,0,0,0.445361831,78.47,8,101.3902,0,26.34,0,1,0,0
2004,12-01-2004,862323208.3,3.311711376,29.90452186,92795835,41327723,186116363,77,183971.4055,15410.15045,87.02178,534745,10.636,24176.65,26.22,74.43,12.87199974,0,0,0,0,0.445361831,79.05,8,101.4834,0,26.22,0,1,1,0
2005,01-01-2005,962084856.3,3.312405623,29.05681163,93685073,42928272,188479240,77.5,147783.7652,20218.26936,87.70699,673391,10.807,15404.84158,26.67,79.54,11.36699963,0,1,0,0,0.45821891,79.51,10,101.5635,26.67,0,1,0,1,1.426023016
2005,02-01-2005,862248660.5,3.351402474,30.0489952,93685073,42928272,188479240,77.9,147170.1479,14160.90264,86.23868,551508,10.807,13455.54651,26.47,79.54,11.36699963,0,0,0,1,0.45821891,79.71,8,101.5872,26.47,0,1,0,1,1.422753941
2005,03-01-2005,826907574.9,3.385913328,29.03659387,93685073,42928272,188479240,78.4,145121.907,10059.11966,87.02178,495340,10.807,18761.95752,26.16,79.54,11.36699963,0,0,0,0,0.45821891,80.42,8,101.5003,26.16,0,1,0,1,1.41763774
2005,04-01-2005,788449010.8,3.385875328,29.88037762,93685073,42928272,188479240,79.1,143466.4404,9527.277386,86.72812,370852,10.807,16135.82473,25.93,79.54,11.36699963,0,0,0,0,0.45821891,81.35,9,101.3036,0,25.93,0,1,1,0
2005,05-01-2005,754444280,3.399745142,28.41463541,93685073,42928272,188479240,79.5,143641.6373,11635.26488,88.19643,316973,10.807,19980.26944,25.1,79.54,11.36699963,0,0,0,0,0.45821891,82.11,9,101.0466,0,25.1,0,1,0,0
2005,06-01-2005,726169709.9,3.40372599,28.03920829,93685073,42928272,188479240,79.5,149815.3717,10998.39943,89.86051,410286,10.807,23012.50288,24.48,79.54,11.36699963,0,0,0,0,0.45821891,81.82,8,100.8281,0,24.48,0,1,0,0
2005,07-01-2005,694444911.9,3.423040422,27.54317224,93685073,42928272,188479240,79.7,147949.9675,10575.06665,87.90276,438929,10.807,24718.13356,23.83,79.54,11.36699963,0,0,0,0,0.45821891,81.51,10,100.5576,0,23.83,0,1,0,0
2005,08-01-2005,720598046.3,3.414160246,29.94415524,93685073,42928272,188479240,79.8,150841.0928,10422.22958,87.51122,360181,10.807,22795.91121,25.34,79.54,11.36699963,0,0,0,0,0.45821891,81.34,8,100.1191,0,25.34,0,1,0,0
2005,09-01-2005,721857673.3,3.408662477,30.72037626,93685073,42928272,188479240,80.1,152297.3892,12615.56317,87.02178,301152,10.807,21388.09032,25.16,79.54,11.36699963,0,0,1,0,0.45821891,81.32,8,99.67082,0,25.16,0,1,0,0
2005,10-01-2005,771710072.1,3.412000366,32.2880693,93685073,42928272,188479240,80.7,152673.4363,10856.47437,85.65136,397359,10.807,26775.71947,26.62,79.54,11.36699963,0,0,1,0,0.45821891,81.89,10,99.57578,0,26.62,0,1,0,0
2005,11-01-2005,817356939.3,3.418167414,29.36567206,93685073,42928272,188479240,81.1,159525.9224,9059.154152,87.51122,444372,10.807,34979.00038,26.7,79.54,11.36699963,0,0,0,0,0.45821891,82.51,8,99.89454,0,26.7,0,1,0,0
2005,12-01-2005,910628264.6,3.446558604,28.42369114,93685073,42928272,188479240,81.4,194040.928,9886.398707,88.88164,597656,10.807,33300.4424,25.95,79.54,11.36699963,0,0,0,0,0.45821891,82.87,9,100.3827,0,25.95,0,1,1,0
2006,01-01-2006,1048976542,3.48891011,29.76027863,94446006,44551298,190698241,81.9,155507.1782,14543.64,89.37107,630534,10.155,17464.34631,26.53,82.87,11.49199963,0,1,0,0,0.471711827,82.94,9,100.7571,26.53,0,1,0,1,1.42373725
2006,02-01-2006,933436623.5,3.543151952,29.41749165,94446006,44551298,190698241,82.2,154559.4999,17284.41,90.05628,516409,10.155,14010.66097,26.27,82.87,11.49199963,0,0,0,1,0.471711827,82.9,8,100.9978,26.27,0,1,0,1,1.419460073
2006,03-01-2006,912367026.6,3.548385796,28.90123489,94446006,44551298,190698241,82.6,152462.9056,13086.52,88.68586,463815,10.155,20232.18308,26.09,82.87,11.49199963,0,0,0,1,0.471711827,82.93,8,101.0561,26.09,0,1,0,1,1.416474079
2006,04-01-2006,817998260,3.571786471,28.62258581,94446006,44551298,190698241,82.7,150565.6331,8652.18,89.66473,347250,10.155,14231.11301,25.36,82.87,11.49199963,0,0,0,0,0.471711827,83.05,10,101.0119,0,25.36,0,1,1,0
2006,05-01-2006,775687398,3.574259783,26.87004966,94446006,44551298,190698241,82.8,150722.4612,13198.16,90.05628,296800,10.155,20232.18308,23.97,82.87,11.49199963,0,0,0,0,0.471711827,83.2,8,100.9983,0,23.97,0,1,0,0
2006,06-01-2006,770191658.1,3.564467014,27.68234845,94446006,44551298,190698241,82.7,158212.2528,28074.76,89.46896,384174,10.155,23146.98454,23.76,82.87,11.49199963,0,0,0,0,0.471711827,83.15,8,100.9178,0,23.76,0,1,0,0
2006,07-01-2006,772778785.6,3.58328846,28.1490141,94446006,44551298,190698241,82.8,157076.7837,13542.05,90.15417,410995,10.155,19987.23858,24.3,82.87,11.49199963,0,0,0,0,0.471711827,83.2,10,100.8111,0,24.3,0,1,0,0
2006,08-01-2006,760204248.5,3.59046926,30.68278139,94446006,44551298,190698241,82.9,161211.2415,9404.92,89.66473,337258,10.155,16215.1414,25.09,82.87,11.49199963,0,0,0,0,0.471711827,83.11,8,100.7054,0,25.09,0,1,0,0
2006,09-01-2006,774683013.4,3.594688386,30.56606472,94446006,44551298,190698241,83,175121.9933,9703.97,89.07742,281986,10.155,18762.53612,25.56,82.87,11.49199963,0,0,1,0,0.471711827,83.35,9,100.7078,0,25.56,0,1,0,0
2006,10-01-2006,817691552.4,3.594715102,29.71544563,94446006,44551298,190698241,83.3,164597.7692,16651.64,88.68586,372070,10.155,24469.6768,26.5,82.87,11.49199963,0,0,1,0,0.471711827,84.05,9,100.7482,0,26.5,0,1,0,0
2006,11-01-2006,859918938.4,3.595323652,30.01642036,94446006,44551298,190698241,83.6,170328.4689,14801.03,90.34995,416091,10.155,31303.55014,26.03,82.87,11.49199963,0,0,0,0,0.471711827,84.61,8,100.7677,0,26.03,0,1,0,0
2006,12-01-2006,991565953.9,3.599583446,29.53042374,94446006,44551298,190698241,84,196941.4847,13366.51,91.62248,559620,10.155,24861.57598,26.45,82.87,11.49199963,0,0,0,0,0.471711827,85.41,10,100.7353,0,26.45,0,1,1,0
2007,01-01-2007,1111429378,3.59760687,29.7289976,95075805,46256377,192784521,84.3,164923.5048,18608.87,91.03516,631665,9.71,12316.73,26.46,85.89,10.85900021,0,1,0,0,0.486521013,85.93,8,100.7703,26.46,0,1,0,1,1.42258984
2007,02-01-2007,983159540.1,3.663520258,29.27181511,95075805,46256377,192784521,84.7,164607.1702,22820.53,92.40558,517335,9.71,9641.1,26.29,85.89,10.85900021,0,0,0,1,0.486521013,86.49,8,100.7398,26.29,0,1,0,1,1.419790586
2007,03-01-2007,983619037,3.684967615,30.95566675,95075805,46256377,192784521,85,162572.4065,11896.61,92.79713,464647,9.71,15324.04,26.12,85.89,10.85900021,0,0,0,0,0.486521013,86.92,9,100.6139,26.12,0,1,0,1,1.416973173
2007,04-01-2007,921566489.3,3.721275614,30.85330112,95075805,46256377,192784521,85.2,160612.7352,9992.3,94.06966,347873,9.71,12891.66,25.85,85.89,10.85900021,0,0,0,0,0.486521013,87,9,100.5266,0,25.85,0,1,1,0
2007,05-01-2007,872208489.5,3.722341448,28.28835184,95075805,46256377,192784521,85.5,159996.5805,11405.31,94.16755,297332,9.71,19724.45,24.59,85.89,10.85900021,0,0,0,0,0.486521013,87.11,8,100.5035,0,24.59,0,1,0,0
2007,06-01-2007,793474313.5,3.74140396,28.64745997,95075805,46256377,192784521,85.7,167370.9402,15356.71,95.83163,384863,9.71,25517.96,24.13,85.89,10.85900021,0,0,0,0,0.486521013,87.51,9,100.5557,0,24.13,0,1,0,0
2007,07-01-2007,808118104.2,3.744315594,29.10996313,95075805,46256377,192784521,85.9,165651.8178,28822.93,95.14642,411732,9.71,19392.77,23.79,85.89,10.85900021,0,0,0,0,0.486521013,87.98,9,100.612,0,23.79,0,1,0,0
2007,08-01-2007,786672499.5,3.755723749,30.31346832,95075805,46256377,192784521,86.3,169342.8305,10413.28,95.73375,337863,9.71,18397.7,24.19,85.89,10.85900021,0,0,0,0,0.486521013,88.67,8,100.6674,0,24.19,0,1,0,0
2007,09-01-2007,842113955.9,3.758576048,33.38375106,95075805,46256377,192784521,86.5,183586.0359,12750.09,95.92952,282492,9.71,16960.38,26.18,85.89,10.85900021,0,0,1,0,0.486521013,88.93,10,100.7478,0,26.18,0,1,0,0
2007,10-01-2007,895138175,3.754463907,33.0428091,95075805,46256377,192784521,86.7,172888.398,11465.2,96.51685,372737,9.71,21957.83,26.6,85.89,10.85900021,0,0,1,0,0.486521013,89.16,8,100.8661,0,26.6,0,1,0,0
2007,11-01-2007,922464396.7,3.764375081,30.85651742,95075805,46256377,192784521,87.1,178941.8855,9919.24,96.71262,416837,9.71,27839.78,26.22,85.89,10.85900021,0,0,0,0,0.486521013,89.72,8,101.0337,0,26.22,0,1,0,0
2007,12-01-2007,1007635622,3.795267376,29.67665263,95075805,46256377,192784521,87.7,206462.8122,9307.86,97.10417,560624,9.71,21161.77,26.14,85.89,10.85900021,0,0,0,0,0.486521013,91.09,10,101.2359,0,26.14,0,1,1,0
2008,01-01-2008,1187858912,3.776112925,28.89932211,95618505,48013689,194769696,88.2,173399.2228,19037.2,99.45346,634682,8.881,13028.71,25.54,90.77,9.572999954,0,1,0,0,0.502138043,92.16,8,101.4423,25.54,0,1,0,1,1.407220893
2008,02-01-2008,1037052995,3.815849295,31.17333333,95618505,48013689,194769696,88.6,172885.7808,17185.43,98.27882,519805,8.881,13901.26,25.73,90.77,9.572999954,0,0,0,1,0.502138043,92.77,8,101.6265,25.73,0,1,0,1,1.410439786
2008,03-01-2008,983140301,3.875944226,29.17147379,95618505,48013689,194769696,89,171647.7989,13265.14,98.96403,466866,8.881,12889.89,25.59,90.77,9.572999954,0,0,0,0,0.502138043,93.37,10,101.7262,25.59,0,1,0,1,1.408070286
2008,04-01-2008,935044756.1,3.881864945,29.51557684,95618505,48013689,194769696,89.5,170971.2639,12254.2,98.27882,349534,8.881,12294.98,25.13,90.77,9.572999954,0,0,0,0,0.502138043,94.02,8,101.7206,0,25.13,0,1,1,0
2008,05-01-2008,896784504.4,3.881162483,27.91372949,95618505,48013689,194769696,90.2,168137.3158,12531.52,97.00628,298752,8.881,16677.54,24.01,90.77,9.572999954,0,0,0,0,0.502138043,95.25,9,101.5807,0,24.01,0,1,0,0
2008,06-01-2008,867887378.5,3.897307215,28.06961036,95618505,48013689,194769696,90.9,175567.6812,12543.92,103.3689,386701,8.881,17391.44,23.26,90.77,9.572999954,0,0,0,0,0.502138043,96.6,9,101.3261,0,23.26,0,1,0,0
2008,07-01-2008,830918966.2,3.885594688,29.00897855,95618505,48013689,194769696,91.4,174641.7405,11788.47,101.0197,413698,8.881,16915.51,24.15,90.77,9.572999954,0,0,0,0,0.502138043,97.47,8,101.092,0,24.15,0,1,0,0
2008,08-01-2008,841574086.4,3.892166244,31.4756097,95618505,48013689,194769696,91.6,178762.1762,9541.77,100.0408,339477,8.881,13524.47,25.13,90.77,9.572999954,0,0,0,0,0.502138043,97.3,10,101.0923,0,25.13,0,1,0,0
2008,09-01-2008,866398557.5,3.88236293,32.2916737,95618505,48013689,194769696,91.9,193444.5777,12238.98,101.2154,283841,8.881,16161.94,25.45,90.77,9.572999954,0,0,1,0,0.502138043,96.97,8,101.1595,0,25.45,0,1,0,0
2008,10-01-2008,891446181.5,3.878897805,32.57817387,95618505,48013689,194769696,92.3,182353.0609,12923.63,97.29994,374517,8.881,21992.14,26.59,90.77,9.572999954,0,0,1,0,0.502138043,97.51,8,101.1002,0,26.59,0,1,0,0
2008,11-01-2008,941225670.5,3.870997442,30.71120949,95618505,48013689,194769696,92.6,187730.8003,13455.38,93.28657,418828,8.881,23757.07,26.08,90.77,9.572999954,0,0,0,0,0.502138043,97.8,10,100.8865,0,26.08,0,1,0,0
2008,12-01-2008,1022467691,3.934024209,29.54586787,95618505,48013689,194769696,92.9,218327.302,11255.79,81.54009,563301,8.881,19771.12,25.98,90.77,9.572999954,0,0,0,0,0.502138043,97.94,8,100.6647,0,25.98,0,1,1,0
2009,01-01-2009,1145681221,3.933777683,30.31657248,96141087,49776765,196701298,93.3,183161.5149,12814.57,83.39995,603513,9.578,14594.44934,25.77,95.2,9.729999542,0,1,0,0,0.517747059,98.9,9,100.5658,25.77,0,1,0,1,1.411114419
2009,02-01-2009,1033460133,4.02851163,30.37774645,96141087,49776765,196701298,93.8,181907.6369,18889.84,84.96615,494278,9.578,15571.8593,25.78,95.2,9.729999542,0,0,0,1,0.517747059,98.9,8,100.6104,25.78,0,1,0,1,1.411282913
2009,03-01-2009,1045672465,4.035060028,30.72927263,96141087,49776765,196701298,94,181387.3828,11820.92,86.14079,443938,9.578,14438.95935,26.02,95.2,9.729999542,1,0,0,0,0.517747059,98.8,9,100.5935,26.02,0,1,0,1,1.415307292
2009,04-01-2009,947520006.4,4.076345295,29.56075781,96141087,49776765,196701298,94.5,177835.5462,11573.88,86.826,332368,9.578,13772.53938,25.42,95.2,9.729999542,0,0,0,0,0.517747059,99.22,8,100.5875,0,25.42,0,1,1,0
2009,05-01-2009,920059189.4,4.085611052,28.8331221,96141087,49776765,196701298,94.9,174626.7175,12496.82,89.07742,284080,9.578,18681.78916,24.66,95.2,9.729999542,0,0,0,0,0.517747059,99.97,10,100.7604,0,24.66,0,1,0,0
2009,06-01-2009,849012967.4,4.110200698,27.67307623,96141087,49776765,196701298,95.3,182247.1602,12978.91,89.9584,367710,9.578,19481.47912,23.36,95.2,9.729999542,0,0,0,0,0.517747059,100.5,8,101.1041,0,23.36,0,1,0,0
2009,07-01-2009,852203583.5,4.090204385,29.38603292,96141087,49776765,196701298,95.5,181311.8751,13054.14,91.23093,393382,9.578,18948.34915,24.04,95.2,9.729999542,0,0,0,0,0.517747059,100.7,8,101.422,0,24.04,0,1,0,0
2009,08-01-2009,872358671.8,4.099156797,30.28662608,96141087,49776765,196701298,95.6,185363.8766,13935.93,92.50346,322805,9.578,15149.79932,24.94,95.2,9.729999542,0,0,0,0,0.517747059,100.66,10,101.659,0,24.94,0,1,0,0
2009,09-01-2009,936731018.5,4.103996779,31.00394238,96141087,49776765,196701298,95.9,202464.3379,12025.88,94.16755,269902,9.578,18104.22919,26.18,95.2,9.729999542,0,0,1,0,0.517747059,100.52,8,101.8909,0,26.18,0,1,0,0
2009,10-01-2009,981943232.9,4.106418343,30.97467064,96141087,49776765,196701298,96.1,190401.5458,11759.8,95.24431,356125,9.578,24635.07889,26.5,95.2,9.729999542,0,0,1,0,0.517747059,100.52,9,102.1232,0,26.5,0,1,0,0
2009,11-01-2009,1051123570,4.154795517,30.80408325,96141087,49776765,196701298,96.5,195688.6912,11794.58,97.59361,398260,9.578,26612.1088,27.12,95.2,9.729999542,0,0,0,0,0.517747059,100.69,9,102.2548,0,27.12,0,1,0,0
2009,12-01-2009,1126133941,4.214215616,29.17340166,96141087,49776765,196701298,96.9,227467.6646,13068.17,97.59361,535638,9.578,22147.139,26.16,95.2,9.729999542,0,0,0,0,0.517747059,100.62,8,102.355,0,26.16,0,1,1,0
2010,01-01-2010,1311612983,4.175154453,30.16428314,96686523,51516379,198614208,97.6,190795.8645,17381.94,99.45346,687968,8.556,13977.3323,26.52,100,8.487999916,0,1,0,0,0.532818612,101.85,10,102.4492,26.52,0,1,0,1,1.42357352
2010,02-01-2010,1208995023,4.238276503,31.22392526,96686523,51516379,198614208,98.4,193327.5849,20879.88,99.1598,631655,8.556,10688.54654,27.08,100,8.487999916,0,0,0,1,0.532818612,102.66,8,102.4693,27.08,0,1,0,1,1.43264866
2010,03-01-2010,1112650435,4.317958484,30.84001571,96686523,51516379,198614208,98.9,190952.8567,13112.81,100.2366,531352,8.556,16649.46416,26.81,100,8.487999916,1,0,0,0,0.532818612,103.62,8,102.3949,26.81,0,1,0,1,1.428296814
2010,04-01-2010,1047386716,4.32312611,30.24864827,96686523,51516379,198614208,99.5,188793.099,12735.4,101.4112,336904,8.556,14182.87723,25.73,100,8.487999916,0,0,0,0,0.532818612,104.85,8,102.291,0,25.73,0,1,1,0
2010,05-01-2010,997976051.6,4.349818222,29.59306491,96686523,51516379,198614208,99.9,185642.1822,13572.31,100.9218,298459,8.556,17060.56357,24.85,100,8.487999916,0,0,0,0,0.532818612,105.37,10,102.2905,0,24.85,0,1,0,0
2010,06-01-2010,968353137.1,4.326734866,28.70381821,96686523,51516379,198614208,99.9,195276.6791,21401.22,100.8239,295205,8.556,18704.95167,23.75,100,8.487999916,0,0,0,0,0.532818612,104.84,8,102.377,0,23.75,0,1,0,0
2010,07-01-2010,950946696.3,4.326324767,28.84764905,96686523,51516379,198614208,99.9,194725.9335,12676.9,99.64924,348485,8.556,18499.40674,23.9,100,8.487999916,0,0,0,0,0.532818612,104.57,9,102.4526,0,23.9,0,1,0,0
2010,08-01-2010,934605113.5,4.329229757,30.84245154,96686523,51516379,198614208,99.9,199914.9082,10329.65,99.25769,383661,8.556,17677.20791,24.54,100,8.487999916,0,0,0,0,0.532818612,104.15,9,102.5439,0,24.54,0,1,0,0
2010,09-01-2010,1006748752,4.263258083,33.35426864,96686523,51516379,198614208,100.4,217902.4402,10450.78,99.25769,330083,8.556,17471.66299,26.3,100,8.487999916,0,0,1,0,0.532818612,104.9,8,102.5188,0,26.3,0,1,0,0
2010,10-01-2010,1001221333,4.366154712,31.91708777,96686523,51516379,198614208,101.1,206716.146,14911.94,99.64924,383083,8.556,19116.05109,26.43,100,8.487999916,0,0,1,0,0.532818612,106.18,10,102.4441,0,26.43,0,1,0,0
2010,11-01-2010,1060977079,4.440846575,29.48476693,96686523,51516379,198614208,102,211372.3666,15342.96,99.74712,418421,8.556,30215.69704,26.07,100,8.487999916,0,0,0,0,0.532818612,107.56,8,102.4952,0,26.07,0,1,0,0
2010,12-01-2010,1153526680,4.516522632,30.22297467,96686523,51516379,198614208,102.6,244983.2784,12331.83,100.9218,516103,8.556,20760.44875,26.21,100,8.487999916,0,0,0,0,0.532818612,107.84,8,102.5884,0,26.21,0,1,1,0
2011,01-01-2011,1356720895,4.528474471,29.55449493,97405175,53270681,200517584,103.5,202823.0563,12906.86,101.0197,684469,7.77,14492.86,25.94,106.64,7.78000021,0,1,0,0,0.546897852,109.25,10,102.6164,25.94,0,1,0,1,1.413969972
2011,02-01-2011,1233986868,4.619977229,30.80083586,97405175,53270681,200517584,104.3,204067.492,17252.53,102.6837,579600,7.77,14722.9,25.96,106.64,7.78000021,0,0,0,0,0.546897852,109.49,8,102.6115,25.96,0,1,0,1,1.414304688
2011,03-01-2011,1206471682,4.611697996,29.02219478,97405175,53270681,200517584,105.1,200982.3397,16523.94,103.1732,503234,7.77,16103.17,25.62,106.64,7.78000021,1,0,0,1,0.546897852,110.23,8,102.5079,25.62,0,1,0,1,1.408579125
2011,04-01-2011,1122344441,4.678356431,29.94675686,97405175,53270681,200517584,105.9,196905.9537,12618.6,100.4323,438939,7.77,17253.4,25.55,106.64,7.78000021,0,0,0,0,0.546897852,110.89,9,102.3539,0,25.55,0,1,1,0
2011,05-01-2011,1045283504,4.724832732,28.63881021,97405175,53270681,200517584,106.4,196031.5991,14771.52,103.0753,345517,7.77,18863.72,24.59,106.64,7.78000021,0,0,0,0,0.546897852,111.62,9,102.1748,0,24.59,0,1,0,0
2011,06-01-2011,979311949.5,4.760190011,28.25806014,97405175,53270681,200517584,106.6,205687.8401,13989.85,100.8239,309905,7.77,22544.44,23.9,106.64,7.78000021,0,0,0,0,0.546897852,111.72,8,102.0764,0,23.9,0,1,0,0
2011,07-01-2011,987657358.1,4.751728672,29.37547021,97405175,53270681,200517584,106.8,204833.9955,15273.99,101.4112,386843,7.77,20474.03,24.1,106.64,7.78000021,0,0,0,0,0.546897852,111.35,10,102.0297,0,24.1,0,1,0,0
2011,08-01-2011,1003667888,4.770372691,31.58642276,97405175,53270681,200517584,107.1,209468.9987,16373.44,99.35558,384663,7.77,17483.45,24.95,106.64,7.78000021,0,0,0,0,0.546897852,111.76,8,102.0192,0,24.95,0,1,0,0
2011,09-01-2011,1032468360,4.787440911,32.67271385,97405175,53270681,200517584,107.7,225806.8218,17355.22,97.98515,345535,7.77,18403.63,25.81,106.64,7.78000021,0,0,1,0,0.546897852,112.41,8,102.034,0,25.81,0,1,0,0
2011,10-01-2011,1063022173,4.896507543,29.62702768,97405175,53270681,200517584,108.2,210833.033,15351.34,97.20206,412373,7.77,22084.35,26.12,106.64,7.78000021,0,0,1,0,0.546897852,112.66,10,102.0661,0,26.12,0,1,0,0
2011,11-01-2011,1086541383,4.967634443,29.24071002,97405175,53270681,200517584,108.7,217574.1829,16018.58,97.49572,481284,7.77,27835.48,26.05,106.64,7.78000021,0,0,0,0,0.546897852,113.36,8,102.1809,0,26.05,0,1,0,0
2011,12-01-2011,1167623498,5.056590573,29.07070602,97405175,53270681,200517584,109.3,254633.466,12147.19,100.8239,560992,7.77,19783.9,26.1,106.64,7.78000021,0,0,0,0,0.546897852,114.06,9,102.3509,0,26.1,0,1,1,0
2012,01-01-2012,1310556886,5.028379707,28.21628724,98049732,54957592,202401584,109.9,212761.3663,20839.6,95.73375,749555,7.417,13027.12063,25.7,112.4,7.352000237,0,1,0,0,0.560507315,114.95,9,102.5545,25.7,0,1,0,1,1.409933123
2012,02-01-2012,1292689393,5.053139226,29.75361189,98049732,54957592,202401584,110.4,217356.1395,24608.13,95.83163,569706,7.417,13170.96064,25.9,112.4,7.352000237,0,0,0,1,0.560507315,115.57,8,102.7773,25.9,0,1,0,1,1.413299764
2012,03-01-2012,1222712862,5.138919272,30.10474041,98049732,54957592,202401584,110.6,215644.7831,15057.73,95.53797,584163,7.417,14342.1607,25.78,112.4,7.352000237,1,0,0,0,0.560507315,115.81,9,102.8139,25.78,0,1,0,1,1.411282913
2012,04-01-2012,1158477145,5.184416358,29.99167242,98049732,54957592,202401584,111.3,211950.6039,11796.43,96.1253,422254,7.417,15328.45075,25.76,112.4,7.352000237,0,0,0,0,0.560507315,116.49,9,102.7728,0,25.76,0,1,1,0
2012,05-01-2012,1090043902,5.246246559,27.68372465,98049732,54957592,202401584,111.7,211052.1366,14453.12,96.1253,345194,7.417,16869.51082,24.79,112.4,7.352000237,0,0,0,0,0.560507315,117.42,8,102.6844,0,24.79,0,1,0,0
2012,06-01-2012,1056136481,5.324666256,28.03991502,98049732,54957592,202401584,111.8,220097.2296,16682.2,97.00628,342201,7.417,20136.56098,24.07,112.4,7.352000237,0,0,0,0,0.560507315,118.11,9,102.5799,0,24.07,0,1,0,0
2012,07-01-2012,1044313163,5.378288585,28.42293158,98049732,54957592,202401584,112.3,213067.1256,13417.57,98.27882,410667,7.417,18307.83089,23.86,112.4,7.352000237,0,0,0,0,0.560507315,118.84,9,102.4628,0,23.86,0,1,0,0
2012,08-01-2012,1044479484,5.410608962,29.8284659,98049732,54957592,202401584,112.8,219960.8384,12221.64,100.5302,397683,7.417,15636.66076,24.87,112.4,7.352000237,0,0,0,0,0.560507315,119.45,8,102.3713,0,24.87,0,1,0,0
2012,09-01-2012,1094647444,5.596544614,32.73601554,98049732,54957592,202401584,113.4,240859.9413,9779.97,99.74712,378394,7.417,16396.9208,26.24,112.4,7.352000237,0,0,1,0,0.560507315,120.6,10,102.3849,0,26.24,0,1,0,0
2012,10-01-2012,1094700088,5.766727535,32.29479911,98049732,54957592,202401584,114.1,226237.9763,11242.51,99.64924,425085,7.417,19725.61096,27,112.4,7.352000237,0,0,1,0,0.560507315,121.46,8,102.4539,0,27,0,1,0,0
2012,11-01-2012,1113883348,5.819162348,28.98245955,98049732,54957592,202401584,114.8,234117.2593,13640.5858,98.67036,467584,7.417,24800.85121,26.55,112.4,7.352000237,0,0,0,0,0.560507315,121.82,8,102.5073,0,26.55,0,1,0,0
2012,12-01-2012,1187759803,5.87564305,30.02007956,98049732,54957592,202401584,115.7,270838.1283,10548.6234,98.86614,584357,7.417,17732.50086,26.47,112.4,7.352000237,0,0,0,0,0.560507315,122.69,10,102.5738,0,26.47,0,1,1,0
2013,01-01-2013,1240036380,5.82841867,28.53791656,98665244,56613597,204259377,116.7,223877.5813,20446.2783,100.6281,758573,7.2,13441.22937,26.41,119.37,7.131999969,0,1,0,0,0.57379473,124,8,102.6239,26.41,0,1,0,1,1.421768401
2013,02-01-2013,1182819482,5.82674104,30.27356117,98665244,56613597,204259377,117.4,226030.4685,20615.6065,97.88727,548577,7.2,13589.63936,26.34,119.37,7.131999969,0,0,0,1,0.57379473,123.84,8,102.6322,26.34,0,1,0,1,1.420615771
2013,03-01-2013,1120830601,5.937529917,29.96587943,98665244,56613597,204259377,117.9,220707.2362,13715.8205,100.2366,650651,7.2,14798.0793,26.31,119.37,7.131999969,1,0,0,0,0.57379473,124.69,10,102.4537,26.31,0,1,0,1,1.420120848
2013,04-01-2013,1065682199,5.935771219,28.7645357,98665244,56613597,204259377,118.6,217559.9279,9389.6283,101.3133,407970,7.2,15815.70925,26.03,119.37,7.131999969,0,0,0,0,0.57379473,125.68,8,102.1393,0,26.03,0,1,1,0
2013,05-01-2013,1052632822,5.939686372,28.95365411,98665244,56613597,204259377,119,215242.1127,11658.0895,101.0197,348137,7.2,17405.75918,24.93,119.37,7.131999969,0,0,0,0,0.57379473,126.16,8,101.7541,0,24.93,0,1,0,0
2013,06-01-2013,1028120078,5.957204599,28.04608917,98665244,56613597,204259377,119.3,224684.0844,10238.1425,104.2499,350025,7.2,20776.66902,24.12,119.37,7.131999969,0,0,0,0,0.57379473,126.7,10,101.4227,0,24.12,0,1,0,0
2013,07-01-2013,1031578443,6.017548683,28.37514753,98665244,56613597,204259377,119.3,220342.8867,10112.999,100.6281,534130,7.2,18889.80911,24.3,119.37,7.131999969,0,0,0,0,0.57379473,125.87,8,101.1287,0,24.3,0,1,0,0
2013,08-01-2013,1005696110,6.119892325,29.69602788,98665244,56613597,204259377,119.6,226692.2895,9583.7779,100.8239,407349,7.2,16133.71924,25.03,119.37,7.131999969,0,0,0,0,0.57379473,125.7,9,100.9847,0,25.03,0,1,0,0
2013,09-01-2013,1066471635,6.285244024,31.20760604,98665244,56613597,204259377,120.1,248310.8011,12880.2965,101.7049,286228,7.2,16918.1392,25.76,119.37,7.131999969,0,0,1,0,0.57379473,125.88,9,101.0196,0,25.76,0,1,0,0
2013,10-01-2013,1110920797,6.319309644,30.42185675,98665244,56613597,204259377,120.7,231794.3181,10454.0031,100.3344,455918,7.2,20352.64904,26.64,119.37,7.131999969,0,0,1,0,0.57379473,126.7,8,101.0964,0,26.64,0,1,0,0
2013,11-01-2013,1179020261,6.36750155,29.11158479,98665244,56613597,204259377,121.4,241589.975,12573.8137,100.5302,479527,7.2,25589.21879,26.54,119.37,7.131999969,0,0,0,0,0.57379473,127.04,9,101.1037,0,26.54,0,1,0,0
2013,12-01-2013,1294291191,6.389988931,29.25252696,98665244,56613597,204259377,122.5,280711.2122,12327.2956,97.20206,586257,7.2,18296.18914,26.5,119.37,7.131999969,0,0,0,0,0.57379473,129,9,101.0373,0,26.5,0,1,1,0
2014,01-01-2014,1367717668,6.351352631,30.10114506,99299241,58294605,206077898,123.2,232830.5231,17427.5352,98.96403,580616,6.792,13057.99,26.39,126.93,6.811999798,0,1,0,0,0.587059925,129.84,8,100.9139,26.39,0,1,0,1,1.42143939
2014,02-01-2014,1242395599,6.478007585,29.39334868,99299241,58294605,206077898,124,234577.5343,20721.3609,99.45346,535096,6.792,13202.16,26.33,126.93,6.811999798,0,0,0,0,0.587059925,129.64,8,100.7515,26.33,0,1,0,1,1.420450859
2014,03-01-2014,1239690110,6.451396192,29.01056582,99299241,58294605,206077898,125.2,228371.1468,18063.8459,98.76825,329779,6.792,14376.15,26.3,126.93,6.811999798,1,0,0,1,0.587059925,131.96,10,100.394,26.3,0,1,0,1,1.419955748
2014,04-01-2014,1135491694,6.524630888,29.29305687,99299241,58294605,206077898,126,224938.4991,9804.2851,98.08304,389943,6.792,15364.77,26.09,126.93,6.811999798,0,0,0,0,0.587059925,132.15,8,99.9603,0,26.09,0,1,1,0
2014,05-01-2014,1085404945,6.530555637,28.39540935,99299241,58294605,206077898,126.6,222308.0061,11727.5328,97.00628,349819,6.792,16909.48,24.93,126.93,6.811999798,0,0,0,0,0.587059925,132,9,99.5548,0,24.93,0,1,0,0
2014,06-01-2014,1089177394,6.50847138,28.15197928,99299241,58294605,206077898,127.1,231014.8286,18397.8842,94.46121,1018876,6.792,20184.28,24.12,126.93,6.811999798,0,0,0,0,0.587059925,131.62,9,99.35896,0,24.12,0,1,0,0
2014,07-01-2014,1105969230,6.46703403,27.64074159,99299241,58294605,206077898,127.1,224169.7797,10129.3797,96.1253,717769,6.792,18351.22,24.31,126.93,6.811999798,0,0,0,0,0.587059925,132.84,8,99.38343,0,24.31,0,1,0,0
2014,08-01-2014,1008215904,6.553285169,31.11800218,99299241,58294605,206077898,127.4,231281.0201,5840.3114,96.22318,401094,6.792,15673.71,25.04,126.93,6.811999798,0,0,0,0,0.587059925,133.51,10,99.53568,0,25.04,0,1,0,0
2014,09-01-2014,1058621757,6.674970481,32.85351228,99299241,58294605,206077898,128.2,251576.5529,7972.8824,96.22318,373555,6.792,16435.77,25.77,126.93,6.811999798,0,0,1,0,0.587059925,133.98,8,99.7299,0,25.77,0,1,0,0
2014,10-01-2014,1093222176,6.783218539,32.84174523,99299241,58294605,206077898,128.7,238955.4471,6990.6572,95.83163,414408,6.792,19772.35,26.67,126.93,6.811999798,0,0,1,0,0.587059925,134.52,8,99.78961,0,26.67,0,1,0,0
2014,11-01-2014,1168287307,6.847950207,30.34994768,99299241,58294605,206077898,129.3,248207.4749,9757.7783,94.85276,467114,6.792,24859.61,26.57,126.93,6.811999798,0,0,0,0,0.587059925,135.07,10,99.76649,0,26.57,0,1,0,0
2014,12-01-2014,1260206217,6.873790156,29.14208153,99299241,58294605,206077898,130.4,285511.0142,8535.6247,92.40558,851783,6.792,17774.52,26.53,126.93,6.811999798,0,0,0,0,0.587059925,135.62,8,99.69133,0,26.53,0,1,1,0
2015,01-01-2015,1394377665,6.802900964,31.65035151,99956638,60028497,207847528,132,237134.2665,10577.2545,92.30769,915056,8.3,13240.45813,26.43,138.38,8.520999908,0,1,0,0,0.600545378,136.16,9,99.60932,26.43,0,1,0,1,1.422097163
2015,02-01-2015,1290753427,6.949509824,29.52355856,99956638,60028497,207847528,133.6,233049.1692,11308.1484,91.62248,719513,8.3,13386.64645,26.36,138.38,8.520999908,0,0,0,1,0.600545378,136.71,8,99.47209,26.36,0,1,0,1,1.420945406
2015,03-01-2015,1137208165,7.077791,28.85408197,99956638,60028497,207847528,135.3,223683.3878,12718.1369,90.44784,619939,8.3,14577.02775,26.34,138.38,8.520999908,1,0,0,0,0.600545378,137.25,9,99.20134,26.34,0,1,0,1,1.420615771
2015,04-01-2015,1079408161,7.069911589,29.5710908,99956638,60028497,207847528,136.3,218053.8102,8962.388,88.58797,414084,8.3,15579.46036,26.12,138.38,8.520999908,0,0,0,0,0.600545378,137.8,8,98.83832,0,26.12,0,1,1,0
2015,05-01-2015,1044519509,7.095346771,27.50601356,99956638,60028497,207847528,137.3,215224.6014,8575.2512,88.78375,372818,8.3,17145.76063,24.97,138.38,8.520999908,0,0,0,0,0.600545378,138.35,10,98.44817,0,24.97,0,1,0,0
2015,06-01-2015,992317663.6,7.12708345,28.08569799,99956638,60028497,207847528,138.4,225387.3298,11982.6109,87.31544,350156,8.3,20466.32065,24.16,138.38,8.520999908,0,0,0,0,0.600545378,138.9,8,98.15932,0,24.16,0,1,0,0
2015,07-01-2015,954694810,7.15568727,28.53789484,99956638,60028497,207847528,139.3,219009.8969,9306.4749,86.14079,454624,8.3,18607.64375,24.34,138.38,8.520999908,0,0,0,0,0.600545378,139.46,8,97.95522,0,24.34,0,1,0,0
2015,08-01-2015,991701171.5,7.143787184,31.30083381,99956638,60028497,207847528,139.6,224587.7747,7866.2372,86.04291,366300,8.3,15892.72257,25.07,138.38,8.520999908,0,0,0,0,0.600545378,140.01,10,97.88986,0,25.07,0,1,0,0
2015,09-01-2015,1008241340,7.219698438,33.11938005,99956638,60028497,207847528,140.3,225634.5556,10837.0512,84.47671,243336,8.3,16665.4353,25.8,138.38,8.520999908,0,0,1,0,0.600545378,140.56,8,97.91943,0,25.8,0,1,0,0
2015,10-01-2015,1072972558,7.484325963,33.34525007,99956638,60028497,207847528,141.5,240280.235,10253.9886,84.37882,491491,8.3,20048.64129,26.7,138.38,8.520999908,0,0,1,0,0.600545378,141.11,9,97.97987,0,26.7,0,1,0,0
2015,11-01-2015,1084736557,7.58895633,31.5878936,99956638,60028497,207847528,142.9,227459.7442,12872.7565,82.91051,573959,8.3,25206.99262,26.6,138.38,8.520999908,0,0,0,0,0.600545378,141.58,9,98.00613,0,26.6,0,1,0,0
2015,12-01-2015,1177468975,7.575748582,31.03342489,99956638,60028497,207847528,144.3,270454.4133,9477.9466,81.83376,784562,8.3,18022.8905,26.56,138.38,8.520999908,0,0,0,0,0.600545378,142.09,8,98.07332,0,26.56,0,1,1,0
2016,01-01-2016,1314785418,7.570986861,28.44452429,100491000,61650000,209568000,146.1,221912.614,12924.6904,82.2253,793178.4561,11.267,12285.99218,26.36,150.48,11.45199966,0,1,0,0,0.613487775,142.6373442,10,98.17493,26.36092779,0,1,0,1,1.420945406
2016,02-01-2016,1239064905,7.640454246,30.84377589,100491000,61650000,209568000,147.4,222186.3296,16055.7289,79.38657,645000.0199,11.267,12421.63689,26.25,150.48,11.45199966,0,0,0,1,0.613487775,143.6689913,8,98.25345,26.25140425,0,1,0,1,1.419129308
2016,03-01-2016,1085071851,7.801668619,30.12042398,100491000,61650000,209568000,148,212301.9532,13593.5024,81.63798,565682.8252,11.267,13526.21868,26.21,150.48,11.45199966,1,0,0,0,0.613487775,143.9013475,8,98.20859,26.21149547,0,1,0,1,1.418467021
2016,04-01-2016,1100614311,7.790630674,31.1151142,100491000,61650000,209568000,148.9,206895.3618,11790.1739,82.02953,428007.9752,11.267,14456.38072,26.02,150.48,11.45199966,0,0,0,0,0.613487775,143.4636984,9,98.19741,0,26.02338382,0,1,1,0
2016,05-01-2016,1025460741,7.816813888,29.18546173,100491000,61650000,209568000,150.1,209368.3757,11406.0903,81.93164,371506.5477,11.267,15909.77067,25.09,150.48,11.45199966,0,0,0,0,0.613487775,142.2075169,8,98.3189,0,25.09099133,0,1,0,0
2016,06-01-2016,923885036.1,7.865559787,27.89284608,100491000,61650000,209568000,150.6,215353.4579,12785.7766,83.59573,542468.3993,11.267,18990.95986,24.44,150.48,11.45199966,0,0,0,0,0.613487775,142.4879099,8,98.52743,0,24.43548606,0,1,0,0
2016,07-01-2016,946547661.1,7.793699295,30.35504179,100491000,61650000,209568000,151.4,209480.4046,10212.111,83.10629,548902.3801,11.267,17266.27004,24.58,150.48,11.45199966,0,0,0,0,0.613487775,142.8014771,10,98.7067,0,24.57971985,0,1,0,0
2016,08-01-2016,962978426.7,7.786284532,31.21545439,100491000,61650000,209568000,152.1,217000.3643,10831.1332,80.65911,433335.7344,11.267,14747.06289,25.17,150.48,11.45199966,0,0,0,0,0.613487775,142.3810509,8,98.90083,0,25.16812624,0,1,0,0
2016,09-01-2016,987488452.5,7.848819708,32.19088536,100491000,61650000,209568000,152.2,237467.6092,13061.0825,81.14854,381185.456,11.267,15464.07194,25.76,150.48,11.45199966,0,0,1,0,0.613487775,142.9455413,8,99.1107,0,25.7567697,0,1,0,0
2016,10-01-2016,1035836779,7.951489259,31.73909904,100491000,61650000,209568000,152.6,218787.169,12515.3617,79.87601,468672.701,11.267,18603.38712,26.48,150.48,11.45199966,0,0,1,0,0.613487775,143.432097,9,99.24641,0,26.48264559,0,1,0,0
2016,11-01-2016,1040619314,8.015174173,30.0550509,100491000,61650000,209568000,152.9,230139.2195,12680.2644,79.48446,527465.7127,11.267,23389.88383,26.4,150.48,11.45199966,0,0,0,0,0.613487775,143.7821444,8,99.33865,0,26.40194448,0,1,0,0
2016,12-01-2016,1114347104,8.061851788,30.22084703,100491000,61650000,209568000,153.3,270237.7404,6849.5821,81.44221,784319.8685,11.267,16723.67029,26.37,150.48,11.45199966,0,0,0,0,0.613487775,144.4524335,9,99.342,0,26.36966217,0,1,1,0
2017,01-01-2017,,8.101787519,30.27515268,101046147,63346000,211243000,153.8731838,220091.1611,10398.2393,81.45207607,809402.7027,12.145,12273.37841,26.20956005,162.34,12.05,0,1,0,0,0.62926344,145.7676991,9,99.3053,26.20907787,0,1,0,1,1.418459731
2017,02-01-2017,,8.145707777,30.10015259,101046147,63346000,211243000,154.4431654,219425.9715,12805.87354,81.46194215,665454.2545,12.145,12601.90377,26.12116095,162.34,12.05,0,0,0,1,0.62926344,146.9834669,8,99.39261,26.12073001,0,1,0,1,1.416992475
2017,03-01-2017,,8.218047654,29.62233126,101046147,63346000,211243000,154.9475211,209270.8329,12843.80625,81.47180822,590937.0044,12.145,13738.38179,26.08907148,162.34,12.05,1,0,0,0,0.62926344,147.0439762,8,99.40098,26.08853705,0,1,0,1,1.416458623
2017,04-01-2017,,8.251822204,30.17169682,101046147,63346000,211243000,155.5617205,203901.1795,11446.27418,81.48167429,448400.3522,12.145,14659.11932,25.93535082,162.34,12.05,0,0,0,0,0.62926344,149.1935851,10,99.38141,0,25.93680087,0,1,1,0
2017,05-01-2017,,8.290546515,28.83683182,101046147,63346000,211243000,156.253792,203704.2459,11271.48841,81.49154037,409794.5978,12.145,16001.66088,25.18233119,162.34,12.05,0,0,0,0,0.62926344,147.3855268,8,100.1567377,0,25.18470983,0,1,0,0
2017,06-01-2017,,8.335287726,28.68726624,101046147,63346000,211243000,156.8390212,211774.9147,12499.63479,81.50140644,457193.0176,12.145,18740.18613,24.65601199,162.34,12.05,0,0,0,0,0.62926344,147.6806786,8,100.1027673,0,24.65596301,0,1,0,0
2017,07-01-2017,,8.32685962,29.56048778,101046147,63346000,211243000,157.492561,205652.5565,11304.01971,81.51127251,507507.0148,12.145,17267.75613,24.76939073,162.34,12.05,0,0,0,0,0.62926344,147.9548992,10,100.0841481,0,24.77230547,0,1,0,0
2017,08-01-2017,,8.360678974,30.85285406,101046147,63346000,211243000,158.1566592,212205.0395,10971.2987,81.52113859,427465.2683,12.145,15090.92086,25.2471562,162.34,12.05,0,0,0,0,0.62926344,147.8969811,8,100.153022,0,25.24692851,0,1,0,0
2017,09-01-2017,,8.410946022,31.82016007,101046147,63346000,211243000,158.7127918,222988.7995,12201.3348,81.53100466,352986.4934,12.145,15731.43523,25.72491872,162.34,12.05,0,0,1,0,0.62926344,148.4945662,9,100.2824586,0,25.7217428,0,1,0,0
2017,10-01-2017,,8.447358182,31.77692894,101046147,63346000,211243000,159.3083014,220943.9162,11943.16861,81.54087073,497213.7104,12.145,18481.31785,26.3079491,162.34,12.05,0,0,1,0,0.62926344,149.1231525,9,100.3712573,0,26.30725215,0,1,0,0
2017,11-01-2017,,8.490623373,30.63072788,101046147,63346000,211243000,159.8835873,220227.2362,12748.23473,81.55073681,555231.7589,12.145,22665.64062,26.24316854,162.34,12.05,0,0,0,0,0.62926344,149.4381145,8,100.389682,0,26.24215664,0,1,0,0
2017,12-01-2017,,8.545572164,30.46786882,101046147,63346000,211243000,160.4803963,261812.4094,10833.70773,81.56060288,739632.7186,12.145,16851.60083,26.21887586,162.34,12.05,0,0,0,0,0.62926344,147.8651313,10,100.3557025,0,26.21611694,0,1,1,0
2018,01-01-2018,,8.59004032,29.50220746,101799013.9,65107000,212873000,161.0995005,213163.2638,12409.87082,81.57046895,752123.929,11.631,12970.21351,26.08895763,178.8520911,11.15,0,1,0,0,0.642071443,149.7368637,8,100.8643063,26.08658569,0,1,0,1,1.416456727
2018,02-01-2018,,8.634509577,30.36157987,101799013.9,65107000,212873000,161.7338698,212966.1778,13715.14871,81.58033503,634862.6022,11.631,13258.91478,26.01737535,178.8520911,11.15,0,0,0,1,0.642071443,150.6735406,8,100.8511095,26.01532213,0,1,0,1,1.415263483
2018,03-01-2018,,8.678978834,29.95119596,101799013.9,65107000,212873000,162.3786908,202901.1157,12988.1276,81.5902011,572955.6446,11.631,14252.16619,25.99139051,178.8520911,11.15,1,0,0,0,0.642071443,150.5377029,9,100.6943827,25.9893545,0,1,0,1,1.414829514
2018,04-01-2018,,8.723448091,30.48481231,101799013.9,65107000,212873000,163.0306681,197488.7269,12234.66768,81.60006717,461021.9392,11.631,15056.68053,25.86691322,178.8520911,11.15,0,0,0,0,0.642071443,154.9570391,9,100.4758918,0,25.86696036,0,1,1,0
2018,05-01-2018,,8.767917348,29.37288378,101799013.9,65107000,212873000,163.687545,198630.5301,12093.24185,81.60993325,421837.3843,11.631,16229.0651,25.25714582,178.8520911,11.15,0,0,0,0,0.642071443,153.1383983,8,100.4974976,0,25.26030522,0,1,0,0
2018,06-01-2018,,8.812386605,28.84035878,101799013.9,65107000,212873000,164.3477767,205691.1497,12694.33824,81.61979932,516836.073,11.631,18619.70229,24.83095203,178.8520911,11.15,0,0,0,0,0.642071443,153.3728776,9,100.1465023,0,24.83380503,0,1,0,0
2018,07-01-2018,,8.856855862,30.02247763,101799013.9,65107000,212873000,165.0103053,199666.283,11742.88774,81.62966539,536886.7625,11.631,17334.79254,24.92276194,178.8520911,11.15,0,0,0,0,0.642071443,153.4900265,9,100.1305451,0,24.92764972,0,1,0,0
2018,08-01-2018,,8.901325119,30.71706571,101799013.9,65107000,212873000,165.6744066,206733.7233,11875.55733,81.63953147,456373.6078,11.631,15434.97536,25.30963871,178.8520911,11.15,0,0,0,0,0.642071443,153.5516063,8,100.206392,0,25.31049234,0,1,0,0
2018,09-01-2018,,8.945794376,31.3625554,101799013.9,65107000,212873000,166.3395847,222424.6977,12730.03468,81.64939754,407018.8481,11.631,15994.14724,25.6965131,178.8520911,11.15,0,0,1,0,0.642071443,154.1780081,10,100.343721,0,25.69348923,0,1,0,0
2018,10-01-2018,,8.990263633,31.17900968,101799013.9,65107000,212873000,167.0055001,212023.8438,12527.56823,81.65926361,496362.2765,11.631,18394.38509,26.16862951,178.8520911,11.15,0,0,1,0,0.642071443,154.8171245,8,100.4351285,0,26.16577547,0,1,0,0
2018,11-01-2018,,9.03473289,30.21395664,101799013.9,65107000,212873000,167.6719202,217359.3198,12701.47647,81.66912969,543194.733,11.631,22046.60911,26.11617261,178.8520911,11.15,0,0,0,0,0.642071443,155.0969082,8,100.4455289,0,26.11326784,0,1,0,0
2018,12-01-2018,,9.079202147,30.23035243,101799013.9,65107000,212873000,168.338686,258386.0139,10669.08191,81.67899576,724348.0288,11.631,16972.01767,26.0965013,178.8520911,11.15,0,0,0,0,0.642071443,151.8109624,10,100.3960907,0,26.09226357,0,1,1,0
2019,01-01-2019,,9.123671404,29.97558298,102521088.3,66913000,214458000,169.0056884,212175.2613,11969.74994,81.68886183,740165.6496,10.855,13584.27775,25.99129833,194.3971605,10.85,0,1,0,0,0.655603991,153.6993994,8,100.9302359,25.99129833,0,1,0,1,1.414827974
2019,02-01-2019,,9.168140661,30.15430404,102521088.3,66913000,214458000,169.6728528,211734.9548,12888.78276,81.69872791,633917.2071,10.855,13836.27828,25.93333365,194.3971605,10.85,0,0,0,1,0.655603991,154.4933125,8,100.9095807,25.93333365,0,1,0,1,1.413858348
2019,03-01-2019,,9.212609918,29.85620097,102521088.3,66913000,214458000,170.3401282,201412.598,12787.35089,81.70859398,578506.9833,10.855,14703.22105,25.91229209,194.3971605,10.85,1,0,0,0,0.655603991,154.14763,10,100.7119968,25.91229209,0,1,0,1,1.413505831
2019,04-01-2019,,9.257079175,30.21655669,102521088.3,66913000,214458000,171.0074795,195908.418,12254.54154,81.71846005,474718.8295,10.855,15405.42638,25.81149499,194.3971605,10.85,0,0,0,0,0.655603991,159.5089552,8,100.4832177,0,25.81149499,0,1,1,0
2019,05-01-2019,,9.301548432,29.39361019,102521088.3,66913000,214458000,171.6748828,196390.4318,12180.58735,81.72832613,443597.582,10.855,16428.71492,25.31772794,194.3971605,10.85,0,0,0,0,0.655603991,158.8231802,8,100.5156602,0,25.31772794,0,1,0,0
2019,06-01-2019,,9.346017689,29.18508251,102521088.3,66913000,214458000,172.3423217,204115.1512,12639.35402,81.7381922,497725.4246,10.855,18515.32052,24.972612,194.3971605,10.85,0,0,0,0,0.655603991,159.0674373,10,100.1805221,0,24.972612,0,1,0,0
2019,07-01-2019,,9.390486946,29.8530888,102521088.3,66913000,214458000,173.009785,197914.0154,12135.949,81.74805827,527754.8541,10.855,17393.82413,25.04695626,194.3971605,10.85,0,0,0,0,0.655603991,159.1616885,8,100.1673069,0,25.04695626,0,1,0,0
2019,08-01-2019,,9.434956203,30.54092791,102521088.3,66913000,214458000,173.677265,204866.8033,12057.48189,81.75792435,463478.1814,10.855,15735.62187,25.36023474,194.3971605,10.85,0,0,0,0,0.655603991,159.2093525,9,100.2502722,0,25.36023474,0,1,0,0
2019,09-01-2019,,9.47942546,31.09157516,102521088.3,66913000,214458000,174.3447565,218380.8123,12556.09716,81.76779042,412347.0617,10.855,16223.68072,25.67351129,194.3971605,10.85,0,0,1,0,0.655603991,159.8642101,9,100.3956751,0,25.67351129,0,1,0,0
2019,10-01-2019,,9.523894717,31.02285482,102521088.3,66913000,214458000,175.0122557,212029.4236,12447.85988,81.77765649,509246.322,10.855,18318.66352,26.05581367,194.3971605,10.85,0,0,1,0,0.655603991,160.5136347,8,100.4897457,0,26.05581367,0,1,0,0
2019,11-01-2019,,9.568363974,30.31328881,102521088.3,66913000,214458000,175.6797603,214385.7714,12714.45865,81.78752257,551923.6982,10.855,21506.40812,26.01333602,194.3971605,10.85,0,0,0,0,0.655603991,160.7581576,9,100.4922048,0,26.01333602,0,1,0,0
2019,12-01-2019,,9.612833231,30.25624333,102521088.3,66913000,214458000,176.3472686,256558.9507,11829.46568,81.79738864,698533.6791,10.855,17077.18958,25.99740692,194.3971605,10.85,0,0,0,0,0.655603991,155.7546395,9,100.427391,0,25.99740692,0,1,1,0
