Month,Beer_Volume,GDP_per_capita_currentYuan,GDP_new_2,Pop15plus,Pop15_64,Pop_15_44,Pop_45_plus,Pop_65_plus,age_rate_15_65,age_rate_new,age_rate_new_ov,Pop_60_plus,temp_ucm,Jan,Feb,Mar,Apr,May,Jun,Jul,Aug,Sep,Oct,Nov,new_cpi_bp,PMI,beer_price
01-01-2001,9.173569623,4.462462998,9.073010116,13.78304522,13.68861652,13.37116376,12.69714342,11.37629212,1.994871636,2.312324394,2.406753092,11.76078504,4.027533413,1,0,0,0,0,0,0,0,0,0,0,1.929436749,4.02356438,1.734785217
02-01-2001,9.359539157,4.462462998,9.073010116,13.78304522,13.68861652,13.37116376,12.69714342,11.37629212,1.994871636,2.312324394,2.406753092,11.76078504,4.090885327,0,1,0,0,0,0,0,0,0,0,0,1.929436749,4.069026754,1.734785217
03-01-2001,9.7259686,4.462462998,9.073010116,13.78304522,13.68861652,13.37116376,12.69714342,11.37629212,1.994871636,2.312324394,2.406753092,11.76078504,4.201873215,0,0,1,0,0,0,0,0,0,0,0,1.929436749,4.146304301,1.734785217
04-01-2001,9.928157219,4.462462998,9.073010116,13.78304522,13.68861652,13.37116376,12.69714342,11.37629212,1.994871636,2.312324394,2.406753092,11.76078504,4.325244729,0,0,0,1,0,0,0,0,0,0,0,1.929436749,4.163559631,1.734785217
05-01-2001,10.15891108,4.462462998,9.073010116,13.78304522,13.68861652,13.37116376,12.69714342,11.37629212,1.994871636,2.312324394,2.406753092,11.76078504,4.417723355,0,0,0,0,1,0,0,0,0,0,0,1.929436749,4.11414719,1.734785217
06-01-2001,10.21438261,4.462462998,9.073010116,13.78304522,13.68861652,13.37116376,12.69714342,11.37629212,1.994871636,2.312324394,2.406753092,11.76078504,4.479754905,0,0,0,0,0,1,0,0,0,0,0,1.929436749,4.072439727,1.734785217
07-01-2001,10.27776769,4.462462998,9.073010116,13.78304522,13.68861652,13.37116376,12.69714342,11.37629212,1.994871636,2.312324394,2.406753092,11.76078504,4.515440275,0,0,0,0,0,0,1,0,0,0,0,1.929436749,4.123903364,1.734785217
08-01-2001,10.1674174,4.462462998,9.073010116,13.78304522,13.68861652,13.37116376,12.69714342,11.37629212,1.994871636,2.312324394,2.406753092,11.76078504,4.503679211,0,0,0,0,0,0,0,1,0,0,0,1.929436749,4.12552018,1.734785217
09-01-2001,9.959458104,4.462462998,9.073010116,13.78304522,13.68861652,13.37116376,12.69714342,11.37629212,1.994871636,2.312324394,2.406753092,11.76078504,4.45032308,0,0,0,0,0,0,0,0,1,0,0,1.929436749,4.11414719,1.734785217
10-01-2001,9.628593046,4.462462998,9.073010116,13.78304522,13.68861652,13.37116376,12.69714342,11.37629212,1.994871636,2.312324394,2.406753092,11.76078504,4.372947999,0,0,0,0,0,0,0,0,0,1,0,1.929436749,4.085976313,1.734785217
11-01-2001,9.288697438,4.462462998,9.073010116,13.78304522,13.68861652,13.37116376,12.69714342,11.37629212,1.994871636,2.312324394,2.406753092,11.76078504,4.243407014,0,0,0,0,0,0,0,0,0,0,1,1.929436749,4.105943698,1.734785217
12-01-2001,9.185027546,4.462462998,9.073010116,13.78304522,13.68861652,13.37116376,12.69714342,11.37629212,1.994871636,2.312324394,2.406753092,11.76078504,4.092415818,0,0,0,0,0,0,0,0,0,0,0,1.929436749,4.102643365,1.734785217
01-01-2002,9.261618492,4.548634545,9.161190148,13.80183751,13.7061911,13.38513986,12.72531872,11.40729825,1.977841618,2.298892858,2.394539259,11.78276938,4.026262075,1,0,0,0,0,0,0,0,0,0,0,1.929708158,3.994524227,1.731048604
02-01-2002,9.553974426,4.548634545,9.161190148,13.80183751,13.7061911,13.38513986,12.72531872,11.40729825,1.977841618,2.298892858,2.394539259,11.78276938,4.089635705,0,1,0,0,0,0,0,0,0,0,0,1.929708158,4.050044303,1.731048604
03-01-2002,9.834333664,4.548634545,9.161190148,13.80183751,13.7061911,13.38513986,12.72531872,11.40729825,1.977841618,2.298892858,2.394539259,11.78276938,4.20045421,0,0,1,0,0,0,0,0,0,0,0,1.929708158,4.100989105,1.731048604
04-01-2002,9.982135521,4.548634545,9.161190148,13.80183751,13.7061911,13.38513986,12.72531872,11.40729825,1.977841618,2.298892858,2.394539259,11.78276938,4.323615114,0,0,0,1,0,0,0,0,0,0,0,1.929708158,4.110873864,1.731048604
05-01-2002,10.06331144,4.548634545,9.161190148,13.80183751,13.7061911,13.38513986,12.72531872,11.40729825,1.977841618,2.298892858,2.394539259,11.78276938,4.415788676,0,0,0,0,1,0,0,0,0,0,0,1.929708158,4.072439727,1.731048604
06-01-2002,10.2839097,4.548634545,9.161190148,13.80183751,13.7061911,13.38513986,12.72531872,11.40729825,1.977841618,2.298892858,2.394539259,11.78276938,4.477612213,0,0,0,0,0,1,0,0,0,0,0,1.929708158,4.041295341,1.731048604
07-01-2002,10.3030429,4.548634545,9.161190148,13.80183751,13.7061911,13.38513986,12.72531872,11.40729825,1.977841618,2.298892858,2.394539259,11.78276938,4.512949591,0,0,0,0,0,0,1,0,0,0,0,1.929708158,4.079230924,1.731048604
08-01-2002,10.17551015,4.548634545,9.161190148,13.80183751,13.7061911,13.38513986,12.72531872,11.40729825,1.977841618,2.298892858,2.394539259,11.78276938,4.500799785,0,0,0,0,0,0,0,1,0,0,0,1.929708158,4.102643365,1.731048604
09-01-2002,10.09296378,4.548634545,9.161190148,13.80183751,13.7061911,13.38513986,12.72531872,11.40729825,1.977841618,2.298892858,2.394539259,11.78276938,4.446939506,0,0,0,0,0,0,0,0,1,0,0,1.929708158,4.070734697,1.731048604
10-01-2002,9.696784052,4.548634545,9.161190148,13.80183751,13.7061911,13.38513986,12.72531872,11.40729825,1.977841618,2.298892858,2.394539259,11.78276938,4.369031768,0,0,0,0,0,0,0,0,0,1,0,1.929708158,4.046553898,1.731048604
11-01-2002,9.379784463,4.548634545,9.161190148,13.80183751,13.7061911,13.38513986,12.72531872,11.40729825,1.977841618,2.298892858,2.394539259,11.78276938,4.238693141,0,0,0,0,0,0,0,0,0,0,1,1.929708158,4.072439727,1.731048604
12-01-2002,9.280394638,4.548634545,9.161190148,13.80183751,13.7061911,13.38513986,12.72531872,11.40729825,1.977841618,2.298892858,2.394539259,11.78276938,4.08678886,0,0,0,0,0,0,0,0,0,0,0,1.929708158,4.060443011,1.731048604
01-01-2003,9.385495382,4.663396624,9.278301218,13.82156519,13.72490181,13.40098705,12.75251056,11.43710218,1.96388487,2.287799633,2.384463015,11.80526667,4.019931245,1,0,0,0,0,0,0,0,0,0,0,1.894458176,3.958906591,1.727297289
02-01-2003,9.461236882,4.663396624,9.278301218,13.82156519,13.72490181,13.40098705,12.75251056,11.43710218,1.96388487,2.287799633,2.384463015,11.80526667,4.083604585,0,1,0,0,0,0,0,0,0,0,0,1.894458176,4.012772909,1.727297289
03-01-2003,9.734467772,4.663396624,9.278301218,13.82156519,13.72490181,13.40098705,12.75251056,11.43710218,1.96388487,2.287799633,2.384463015,11.80526667,4.19509205,0,0,1,0,0,0,0,0,0,0,0,1.894458176,4.046553898,1.727297289
04-01-2003,9.994258331,4.663396624,9.278301218,13.82156519,13.72490181,13.40098705,12.75251056,11.43710218,1.96388487,2.287799633,2.384463015,11.80526667,4.319195328,0,0,0,1,0,0,0,0,0,0,0,1.894458176,4.053522568,1.727297289
05-01-2003,10.05008842,4.663396624,9.278301218,13.82156519,13.72490181,13.40098705,12.75251056,11.43710218,1.96388487,2.287799633,2.384463015,11.80526667,4.412081336,0,0,0,0,1,0,0,0,0,0,0,1.894458176,4.025351691,1.727297289
06-01-2003,10.31697581,4.663396624,9.278301218,13.82156519,13.72490181,13.40098705,12.75251056,11.43710218,1.96388487,2.287799633,2.384463015,11.80526667,4.474325447,0,0,0,0,0,1,0,0,0,0,0,1.894458176,4.000033883,1.727297289
07-01-2003,10.32275969,4.663396624,9.278301218,13.82156519,13.72490181,13.40098705,12.75251056,11.43710218,1.96388487,2.287799633,2.384463015,11.80526667,4.510015885,0,0,0,0,0,0,1,0,0,0,0,1.894458176,4.019980147,1.727297289
08-01-2003,10.34568286,4.663396624,9.278301218,13.82156519,13.72490181,13.40098705,12.75251056,11.43710218,1.96388487,2.287799633,2.384463015,11.80526667,4.497885111,0,0,0,0,0,0,0,1,0,0,0,1.894458176,4.044804117,1.727297289
09-01-2003,10.15454719,4.663396624,9.278301218,13.82156519,13.72490181,13.40098705,12.75251056,11.43710218,1.96388487,2.287799633,2.384463015,11.80526667,4.443790074,0,0,0,0,0,0,0,0,1,0,0,1.894458176,4.016383021,1.727297289
10-01-2003,9.77745143,4.663396624,9.278301218,13.82156519,13.72490181,13.40098705,12.75251056,11.43710218,1.96388487,2.287799633,2.384463015,11.80526667,4.365447785,0,0,0,0,0,0,0,0,0,1,0,1.894458176,4.005513349,1.727297289
11-01-2003,9.636455256,4.663396624,9.278301218,13.82156519,13.72490181,13.40098705,12.75251056,11.43710218,1.96388487,2.287799633,2.384463015,11.80526667,4.234343895,0,0,0,0,0,0,0,0,0,0,1,1.894458176,4.041295341,1.727297289
12-01-2003,9.501125944,4.663396624,9.278301218,13.82156519,13.72490181,13.40098705,12.75251056,11.43710218,1.96388487,2.287799633,2.384463015,11.80526667,4.081247136,0,0,0,0,0,0,0,0,0,0,0,1.894458176,4.021773869,1.727297289
01-01-2004,9.581941067,4.82028841,9.435065073,13.84058359,13.74301728,13.41523297,12.78059394,11.46497395,1.950259022,2.278043332,2.375609637,11.82949378,4.013298458,1,0,0,0,0,0,0,0,0,0,0,1.872855141,3.937690752,1.72941078
02-01-2004,9.659458227,4.82028841,9.435065073,13.84058359,13.74301728,13.41523297,12.78059394,11.46497395,1.950259022,2.278043332,2.375609637,11.82949378,4.077046116,0,1,0,0,0,0,0,0,0,0,0,1.872855141,3.958906591,1.72941078
03-01-2004,9.90906794,4.82028841,9.435065073,13.84058359,13.74301728,13.41523297,12.78059394,11.46497395,1.950259022,2.278043332,2.375609637,11.82949378,4.189437753,0,0,1,0,0,0,0,0,0,0,0,1.872855141,3.992680908,1.72941078
04-01-2004,10.1318089,4.82028841,9.435065073,13.84058359,13.74301728,13.41523297,12.78059394,11.46497395,1.950259022,2.278043332,2.375609637,11.82949378,4.314633096,0,0,0,1,0,0,0,0,0,0,0,1.872855141,3.998200702,1.72941078
05-01-2004,10.24630613,4.82028841,9.435065073,13.84058359,13.74301728,13.41523297,12.78059394,11.46497395,1.950259022,2.278043332,2.375609637,11.82949378,4.408489429,0,0,0,0,1,0,0,0,0,0,0,1.872855141,3.970291914,1.72941078
06-01-2004,10.33729074,4.82028841,9.435065073,13.84058359,13.74301728,13.41523297,12.78059394,11.46497395,1.950259022,2.278043332,2.375609637,11.82949378,4.471768189,0,0,0,0,0,1,0,0,0,0,0,1.872855141,3.970291914,1.72941078
07-01-2004,10.41296196,4.82028841,9.435065073,13.84058359,13.74301728,13.41523297,12.78059394,11.46497395,1.950259022,2.278043332,2.375609637,11.82949378,4.508287243,0,0,0,0,0,0,1,0,0,0,0,1.872855141,3.985273467,1.72941078
08-01-2004,10.37367016,4.82028841,9.435065073,13.84058359,13.74301728,13.41523297,12.78059394,11.46497395,1.950259022,2.278043332,2.375609637,11.82949378,4.496992293,0,0,0,0,0,0,0,1,0,0,0,1.872855141,4.014579594,1.72941078
09-01-2004,10.18167571,4.82028841,9.435065073,13.84058359,13.74301728,13.41523297,12.78059394,11.46497395,1.950259022,2.278043332,2.375609637,11.82949378,4.443753779,0,0,0,0,0,0,0,0,1,0,0,1.872855141,3.994524227,1.72941078
10-01-2004,9.895321001,4.82028841,9.435065073,13.84058359,13.74301728,13.41523297,12.78059394,11.46497395,1.950259022,2.278043332,2.375609637,11.82949378,4.366373378,0,0,0,0,0,0,0,0,0,1,0,1.872855141,3.979681654,1.72941078
11-01-2004,9.814754068,4.82028841,9.435065073,13.84058359,13.74301728,13.41523297,12.78059394,11.46497395,1.950259022,2.278043332,2.375609637,11.82949378,4.236463408,0,0,0,0,0,0,0,0,0,0,1,1.872855141,4.000033883,1.72941078
12-01-2004,9.550147564,4.82028841,9.435065073,13.84058359,13.74301728,13.41523297,12.78059394,11.46497395,1.950259022,2.278043332,2.375609637,11.82949378,4.084694779,0,0,0,0,0,0,0,0,0,0,0,1.872855141,3.975936331,1.72941078
01-01-2005,9.5965547,4.959964585,9.579761221,13.85791658,13.75946705,13.42575589,12.81064814,11.49088433,1.934871558,2.268582718,2.367032243,11.85630238,4.01801555,1,0,0,0,0,0,0,0,0,0,0,1.866803325,3.906004933,1.739232314
02-01-2005,9.546669741,4.959964585,9.579761221,13.85791658,13.75946705,13.42575589,12.81064814,11.49088433,1.934871558,2.268582718,2.367032243,11.85630238,4.082473481,0,1,0,0,0,0,0,0,0,0,0,1.866803325,3.923951576,1.739232314
03-01-2005,9.956459437,4.959964585,9.579761221,13.85791658,13.75946705,13.42575589,12.81064814,11.49088433,1.934871558,2.268582718,2.367032243,11.85630238,4.195332962,0,0,1,0,0,0,0,0,0,0,0,1.866803325,3.955082495,1.739232314
04-01-2005,10.17717132,4.959964585,9.579761221,13.85791658,13.75946705,13.42575589,12.81064814,11.49088433,1.934871558,2.268582718,2.367032243,11.85630238,4.320697908,0,0,0,1,0,0,0,0,0,0,0,1.866803325,3.956996371,1.739232314
05-01-2005,10.34489618,4.959964585,9.579761221,13.85791658,13.75946705,13.42575589,12.81064814,11.49088433,1.934871558,2.268582718,2.367032243,11.85630238,4.414315702,0,0,0,0,1,0,0,0,0,0,0,1.866803325,3.929862924,1.739232314
06-01-2005,10.48470577,4.959964585,9.579761221,13.85791658,13.75946705,13.42575589,12.81064814,11.49088433,1.934871558,2.268582718,2.367032243,11.85630238,4.477292846,0,0,0,0,0,1,0,0,0,0,0,1.866803325,3.927896355,1.739232314
07-01-2005,10.57407512,4.959964585,9.579761221,13.85791658,13.75946705,13.42575589,12.81064814,11.49088433,1.934871558,2.268582718,2.367032243,11.85630238,4.513625027,0,0,0,0,0,0,1,0,0,0,0,1.866803325,3.941581808,1.739232314
08-01-2005,10.47268585,4.959964585,9.579761221,13.85791658,13.75946705,13.42575589,12.81064814,11.49088433,1.934871558,2.268582718,2.367032243,11.85630238,4.502352405,0,0,0,0,0,0,0,1,0,0,0,1.866803325,3.956996371,1.739232314
09-01-2005,10.34768153,4.959964585,9.579761221,13.85791658,13.75946705,13.42575589,12.81064814,11.49088433,1.934871558,2.268582718,2.367032243,11.85630238,4.449537576,0,0,0,0,0,0,0,0,1,0,0,1.866803325,3.94931879,1.739232314
10-01-2005,9.98870909,4.959964585,9.579761221,13.85791658,13.75946705,13.42575589,12.81064814,11.49088433,1.934871558,2.268582718,2.367032243,11.85630238,4.372692052,0,0,0,0,0,0,0,0,0,1,0,1.866803325,3.931825633,1.739232314
11-01-2005,9.798232159,4.959964585,9.579761221,13.85791658,13.75946705,13.42575589,12.81064814,11.49088433,1.934871558,2.268582718,2.367032243,11.85630238,4.243853696,0,0,0,0,0,0,0,0,0,0,1,1.866803325,3.943521672,1.739232314
12-01-2005,9.623720683,4.959964585,9.579761221,13.85791658,13.75946705,13.42575589,12.81064814,11.49088433,1.934871558,2.268582718,2.367032243,11.85630238,4.093419645,0,0,0,0,0,0,0,0,0,0,0,1.866803325,3.935739532,1.739232314
01-01-2006,9.6970782,5.112113131,9.73082571,13.87182945,13.77234519,13.43156572,12.83937958,11.51474381,1.916821908,2.257601384,2.357085642,11.88275649,4.027946815,1,0,0,0,0,0,0,0,0,0,0,1.849984502,3.910021003,1.750028659
02-01-2006,9.812632434,5.112113131,9.73082571,13.87182945,13.77234519,13.43156572,12.83937958,11.51474381,1.916821908,2.257601384,2.357085642,11.88275649,4.091941735,0,1,0,0,0,0,0,0,0,0,0,1.849984502,3.933784497,1.750028659
03-01-2006,10.08684911,5.112113131,9.73082571,13.87182945,13.77234519,13.43156572,12.83937958,11.51474381,1.916821908,2.257601384,2.357085642,11.88275649,4.203524414,0,0,1,0,0,0,0,0,0,0,0,1.849984502,3.951243719,1.750028659
04-01-2006,10.26625391,5.112113131,9.73082571,13.87182945,13.77234519,13.43156572,12.83937958,11.51474381,1.916821908,2.257601384,2.357085642,11.88275649,4.327416129,0,0,0,1,0,0,0,0,0,0,0,1.849984502,3.937690752,1.750028659
05-01-2006,10.45972622,5.112113131,9.73082571,13.87182945,13.77234519,13.43156572,12.83937958,11.51474381,1.916821908,2.257601384,2.357085642,11.88275649,4.420150264,0,0,0,0,1,0,0,0,0,0,0,1.849984502,3.931825633,1.750028659
06-01-2006,10.56338814,5.112113131,9.73082571,13.87182945,13.77234519,13.43156572,12.83937958,11.51474381,1.916821908,2.257601384,2.357085642,11.88275649,4.48265129,0,0,0,0,0,1,0,0,0,0,0,1.849984502,3.941581808,1.750028659
07-01-2006,10.64540109,5.112113131,9.73082571,13.87182945,13.77234519,13.43156572,12.83937958,11.51474381,1.916821908,2.257601384,2.357085642,11.88275649,4.518743551,0,0,0,0,0,0,1,0,0,0,0,1.849984502,3.94931879,1.750028659
08-01-2006,10.63823243,5.112113131,9.73082571,13.87182945,13.77234519,13.43156572,12.83937958,11.51474381,1.916821908,2.257601384,2.357085642,11.88275649,4.507592403,0,0,0,0,0,0,0,1,0,0,0,1.849984502,3.943521672,1.750028659
09-01-2006,10.39326317,5.112113131,9.73082571,13.87182945,13.77234519,13.43156572,12.83937958,11.51474381,1.916821908,2.257601384,2.357085642,11.88275649,4.454971363,0,0,0,0,0,0,0,0,1,0,0,1.849984502,3.974058396,1.750028659
10-01-2006,10.2063324,5.112113131,9.73082571,13.87182945,13.77234519,13.43156572,12.83937958,11.51474381,1.916821908,2.257601384,2.357085642,11.88275649,4.378696036,0,0,0,0,0,0,0,0,0,1,0,1.849984502,3.953164949,1.750028659
11-01-2006,10.00278975,5.112113131,9.73082571,13.87182945,13.77234519,13.43156572,12.83937958,11.51474381,1.916821908,2.257601384,2.357085642,11.88275649,4.250459308,0,0,0,0,0,0,0,0,0,0,1,1.849984502,3.937690752,1.750028659
12-01-2006,9.784384063,5.112113131,9.73082571,13.87182945,13.77234519,13.43156572,12.83937958,11.51474381,1.916821908,2.257601384,2.357085642,11.88275649,4.101004003,0,0,0,0,0,0,0,0,0,0,0,1.849984502,3.945457782,1.750028659
01-01-2007,9.863943829,5.315031187,9.931257669,13.88530244,13.78478637,13.43524086,12.8703264,11.53802775,1.897213113,2.246758617,2.347274694,11.91157406,4.035587812,1,0,0,0,0,0,0,0,0,0,0,1.855659884,3.945457782,1.818678839
02-01-2007,9.992031726,5.315031187,9.931257669,13.88530244,13.78478637,13.43524086,12.8703264,11.53802775,1.897213113,2.246758617,2.347274694,11.91157406,4.098780232,0,1,0,0,0,0,0,0,0,0,0,1.855659884,3.927896355,1.818678839
03-01-2007,10.24263738,5.315031187,9.931257669,13.88530244,13.78478637,13.43524086,12.8703264,11.53802775,1.897213113,2.246758617,2.347274694,11.91157406,4.208613354,0,0,1,0,0,0,0,0,0,0,0,1.855659884,3.955082495,1.818678839
04-01-2007,10.37367609,5.315031187,9.931257669,13.88530244,13.78478637,13.43524086,12.8703264,11.53802775,1.897213113,2.246758617,2.347274694,11.91157406,4.331118209,0,0,0,1,0,0,0,0,0,0,0,1.855659884,3.972176928,1.818678839
05-01-2007,10.52490958,5.315031187,9.931257669,13.88530244,13.78478637,13.43524086,12.8703264,11.53802775,1.897213113,2.246758617,2.347274694,11.91157406,4.423074442,0,0,0,0,1,0,0,0,0,0,0,1.855659884,3.953164949,1.818678839
06-01-2007,10.77542227,5.315031187,9.931257669,13.88530244,13.78478637,13.43524086,12.8703264,11.53802775,1.897213113,2.246758617,2.347274694,11.91157406,4.48459219,0,0,0,0,0,1,0,0,0,0,0,1.855659884,3.956996371,1.818678839
07-01-2007,10.70804263,5.315031187,9.931257669,13.88530244,13.78478637,13.43524086,12.8703264,11.53802775,1.897213113,2.246758617,2.347274694,11.91157406,4.519912365,0,0,0,0,0,0,1,0,0,0,0,1.855659884,3.947390149,1.818678839
08-01-2007,10.72753209,5.315031187,9.931257669,13.88530244,13.78478637,13.43524086,12.8703264,11.53802775,1.897213113,2.246758617,2.347274694,11.91157406,4.507893996,0,0,0,0,0,0,0,1,0,0,0,1.855659884,3.964615456,1.818678839
09-01-2007,10.55024251,5.315031187,9.931257669,13.88530244,13.78478637,13.43524086,12.8703264,11.53802775,1.897213113,2.246758617,2.347274694,11.91157406,4.454414952,0,0,0,0,0,0,0,0,1,0,0,1.855659884,3.964615456,1.818678839
10-01-2007,10.24432786,5.315031187,9.931257669,13.88530244,13.78478637,13.43524086,12.8703264,11.53802775,1.897213113,2.246758617,2.347274694,11.91157406,4.377031828,0,0,0,0,0,0,0,0,0,1,0,1.855659884,3.966511191,1.818678839
11-01-2007,10.02744409,5.315031187,9.931257669,13.88530244,13.78478637,13.43524086,12.8703264,11.53802775,1.897213113,2.246758617,2.347274694,11.91157406,4.247722533,0,0,0,0,0,0,0,0,0,0,1,1.855659884,3.96081317,1.818678839
12-01-2007,10.06819658,5.315031187,9.931257669,13.88530244,13.78478637,13.43524086,12.8703264,11.53802775,1.897213113,2.246758617,2.347274694,11.91157406,4.097079059,0,0,0,0,0,0,0,0,0,0,0,1.855659884,3.96271612,1.818678839
01-01-2008,10.04411587,5.476966138,10.08960158,13.89768023,13.79597803,13.43590178,12.90299021,11.56155371,1.874348064,2.234424323,2.336126522,11.94366838,4.030405613,1,0,0,0,0,0,0,0,0,0,0,1.916541079,3.943521672,1.891488605
02-01-2008,9.964940161,5.476966138,10.08960158,13.89768023,13.79597803,13.43590178,12.90299021,11.56155371,1.874348064,2.234424323,2.336126522,11.94366838,4.093477109,0,1,0,0,0,0,0,0,0,0,0,1.916541079,3.943521672,1.891488605
03-01-2008,10.33580885,5.476966138,10.08960158,13.89768023,13.79597803,13.43590178,12.90299021,11.56155371,1.874348064,2.234424323,2.336126522,11.94366838,4.204801742,0,0,1,0,0,0,0,0,0,0,0,1.916541079,3.981549068,1.891488605
04-01-2008,10.38468667,5.476966138,10.08960158,13.89768023,13.79597803,13.43590178,12.90299021,11.56155371,1.874348064,2.234424323,2.336126522,11.94366838,4.328138579,0,0,0,1,0,0,0,0,0,0,0,1.916541079,3.974058396,1.891488605
05-01-2008,10.52571864,5.476966138,10.08960158,13.89768023,13.79597803,13.43590178,12.90299021,11.56155371,1.874348064,2.234424323,2.336126522,11.94366838,4.420535506,0,0,0,0,1,0,0,0,0,0,0,1.916541079,3.955082495,1.891488605
06-01-2008,10.697769,5.476966138,10.08960158,13.89768023,13.79597803,13.43590178,12.90299021,11.56155371,1.874348064,2.234424323,2.336126522,11.94366838,4.48256767,0,0,0,0,0,1,0,0,0,0,0,1.916541079,3.939638172,1.891488605
07-01-2008,10.74684151,5.476966138,10.08960158,13.89768023,13.79597803,13.43590178,12.90299021,11.56155371,1.874348064,2.234424323,2.336126522,11.94366838,4.518442429,0,0,0,0,0,0,1,0,0,0,0,1.916541079,3.929862924,1.891488605
08-01-2008,10.7034648,5.476966138,10.08960158,13.89768023,13.79597803,13.43590178,12.90299021,11.56155371,1.874348064,2.234424323,2.336126522,11.94366838,4.507070302,0,0,0,0,0,0,0,1,0,0,0,1.916541079,3.935739532,1.891488605
09-01-2008,10.54735737,5.476966138,10.08960158,13.89768023,13.79597803,13.43590178,12.90299021,11.56155371,1.874348064,2.234424323,2.336126522,11.94366838,4.454225863,0,0,0,0,0,0,0,0,1,0,0,1.916541079,3.935739532,1.891488605
10-01-2008,10.27703258,5.476966138,10.08960158,13.89768023,13.79597803,13.43590178,12.90299021,11.56155371,1.874348064,2.234424323,2.336126522,11.94366838,4.377399963,0,0,0,0,0,0,0,0,0,1,0,1.916541079,3.897924081,1.891488605
11-01-2008,10.18499899,5.476966138,10.08960158,13.89768023,13.79597803,13.43590178,12.90299021,11.56155371,1.874348064,2.234424323,2.336126522,11.94366838,4.248682357,0,0,0,0,0,0,0,0,0,0,1,1.916541079,3.864931398,1.891488605
12-01-2008,9.997604498,5.476966138,10.08960158,13.89768023,13.79597803,13.43590178,12.90299021,11.56155371,1.874348064,2.234424323,2.336126522,11.94366838,4.098811381,0,0,0,0,0,0,0,0,0,0,0,1.916541079,3.843744165,1.891488605
01-01-2009,10.07304545,5.559240662,10.17421326,13.90846888,13.80524909,13.43284798,12.93693219,11.58640824,1.846439743,2.218840847,2.322060642,11.98048235,4.032902243,1,0,0,0,0,0,0,0,0,0,0,1.917818004,3.850147602,1.911587285
02-01-2009,9.956707073,5.559240662,10.17421326,13.90846888,13.80524909,13.43284798,12.93693219,11.58640824,1.846439743,2.218840847,2.322060642,11.98048235,4.095950667,0,1,0,0,0,0,0,0,0,0,0,1.917818004,3.881563798,1.911587285
03-01-2009,10.10597129,5.559240662,10.17421326,13.90846888,13.80524909,13.43284798,12.93693219,11.58640824,1.846439743,2.218840847,2.322060642,11.98048235,4.205780686,0,0,1,0,0,0,0,0,0,0,0,1.917818004,3.903990834,1.911587285
04-01-2009,10.30909717,5.559240662,10.17421326,13.90846888,13.80524909,13.43284798,12.93693219,11.58640824,1.846439743,2.218840847,2.322060642,11.98048235,4.328374102,0,0,0,1,0,0,0,0,0,0,0,1.917818004,3.912023005,1.911587285
05-01-2009,10.6660377,5.559240662,10.17421326,13.90846888,13.80524909,13.43284798,12.93693219,11.58640824,1.846439743,2.218840847,2.322060642,11.98048235,4.420229242,0,0,0,0,1,0,0,0,0,0,0,1.917818004,3.919991175,1.911587285
06-01-2009,10.71399034,5.559240662,10.17421326,13.90846888,13.80524909,13.43284798,12.93693219,11.58640824,1.846439743,2.218840847,2.322060642,11.98048235,4.48186721,0,0,0,0,0,1,0,0,0,0,0,1.917818004,3.923951576,1.911587285
07-01-2009,10.77337038,5.559240662,10.17421326,13.90846888,13.80524909,13.43284798,12.93693219,11.58640824,1.846439743,2.218840847,2.322060642,11.98048235,4.517098429,0,0,0,0,0,0,1,0,0,0,0,1.917818004,3.933784497,1.911587285
08-01-2009,10.69264688,5.559240662,10.17421326,13.90846888,13.80524909,13.43284798,12.93693219,11.58640824,1.846439743,2.218840847,2.322060642,11.98048235,4.504961797,0,0,0,0,0,0,0,1,0,0,0,1.917818004,3.947390149,1.911587285
09-01-2009,10.54575858,5.559240662,10.17421326,13.90846888,13.80524909,13.43284798,12.93693219,11.58640824,1.846439743,2.218840847,2.322060642,11.98048235,4.451144652,0,0,0,0,0,0,0,0,1,0,0,1.917818004,3.964615456,1.911587285
10-01-2009,10.30268682,5.559240662,10.17421326,13.90846888,13.80524909,13.43284798,12.93693219,11.58640824,1.846439743,2.218840847,2.322060642,11.98048235,4.373150323,0,0,0,0,0,0,0,0,0,1,0,1.917818004,3.96081317,1.911587285
11-01-2009,10.00411462,5.559240662,10.17421326,13.90846888,13.80524909,13.43284798,12.93693219,11.58640824,1.846439743,2.218840847,2.322060642,11.98048235,4.242550144,0,0,0,0,0,0,0,0,0,0,1,1.917818004,3.945457782,1.911587285
12-01-2009,9.865397957,5.559240662,10.17421326,13.90846888,13.80524909,13.43284798,12.93693219,11.58640824,1.846439743,2.218840847,2.322060642,11.98048235,4.090788,0,0,0,0,0,0,0,0,0,0,0,1.917818004,3.964615456,1.911587285
01-01-2010,10.16191619,5.722522505,10.32970484,13.9175616,13.81236963,13.4258873,12.97183812,11.61345835,1.812428956,2.198911284,2.304103257,12.02240218,4.023808297,1,0,0,0,0,0,0,0,0,0,0,1.926260008,3.941581808,1.965002654
02-01-2010,9.898941529,5.722522505,10.32970484,13.9175616,13.81236963,13.4258873,12.97183812,11.61345835,1.812428956,2.198911284,2.304103257,12.02240218,4.086773627,0,1,0,0,0,0,0,0,0,0,0,1.926260008,3.931825633,1.965002654
03-01-2010,10.30068242,5.722522505,10.32970484,13.9175616,13.81236963,13.4258873,12.97183812,11.61345835,1.812428956,2.198911284,2.304103257,12.02240218,4.197643187,0,0,1,0,0,0,0,0,0,0,0,1.926260008,3.968403339,1.965002654
04-01-2010,10.4269135,5.722522505,10.32970484,13.9175616,13.81236963,13.4258873,12.97183812,11.61345835,1.812428956,2.198911284,2.304103257,12.02240218,4.321173687,0,0,0,1,0,0,0,0,0,0,0,1.926260008,3.981549068,1.965002654
05-01-2010,10.57690207,5.722522505,10.32970484,13.9175616,13.81236963,13.4258873,12.97183812,11.61345835,1.812428956,2.198911284,2.304103257,12.02240218,4.414087924,0,0,0,0,1,0,0,0,0,0,0,1.926260008,3.96271612,1.965002654
06-01-2010,10.70291112,5.722522505,10.32970484,13.9175616,13.81236963,13.4258873,12.97183812,11.61345835,1.812428956,2.198911284,2.304103257,12.02240218,4.47653701,0,0,0,0,0,1,0,0,0,0,0,1.926260008,3.951243719,1.965002654
07-01-2010,10.85069164,5.722522505,10.32970484,13.9175616,13.81236963,13.4258873,12.97183812,11.61345835,1.812428956,2.198911284,2.304103257,12.02240218,4.512576821,0,0,0,0,0,0,1,0,0,0,0,1.926260008,3.968403339,1.965002654
08-01-2010,10.82186065,5.722522505,10.32970484,13.9175616,13.81236963,13.4258873,12.97183812,11.61345835,1.812428956,2.198911284,2.304103257,12.02240218,4.500905168,0,0,0,0,0,0,0,1,0,0,0,1.926260008,3.958906591,1.965002654
09-01-2010,10.65427912,5.722522505,10.32970484,13.9175616,13.81236963,13.4258873,12.97183812,11.61345835,1.812428956,2.198911284,2.304103257,12.02240218,4.447326385,0,0,0,0,0,0,0,0,1,0,0,1.926260008,3.968403339,1.965002654
10-01-2010,10.29750388,5.722522505,10.32970484,13.9175616,13.81236963,13.4258873,12.97183812,11.61345835,1.812428956,2.198911284,2.304103257,12.02240218,4.369604482,0,0,0,0,0,0,0,0,0,1,0,1.926260008,3.964615456,1.965002654
11-01-2010,10.08142733,5.722522505,10.32970484,13.9175616,13.81236963,13.4258873,12.97183812,11.61345835,1.812428956,2.198911284,2.304103257,12.02240218,4.239679623,0,0,0,0,0,0,0,0,0,0,1,1.926260008,3.966511191,1.965002654
12-01-2010,9.910230122,5.722522505,10.32970484,13.9175616,13.81236963,13.4258873,12.97183812,11.61345835,1.812428956,2.198911284,2.304103257,12.02240218,4.087923578,0,0,0,0,0,0,0,0,0,0,0,1.926260008,3.958906591,1.965002654
01-01-2011,10.27599136,5.886593076,10.49331685,13.92551408,13.81791666,13.4163396,13.0067415,11.64283907,1.773500529,2.17507759,2.282675007,12.06725301,4.020737192,1,0,0,0,0,0,0,0,0,0,0,1.956769093,3.927896355,2.035346746
02-01-2011,9.945712735,5.886593076,10.49331685,13.92551408,13.81791666,13.4163396,13.0067415,11.64283907,1.773500529,2.17507759,2.282675007,12.06725301,4.084611558,0,1,0,0,0,0,0,0,0,0,0,1.956769093,3.941581808,2.035346746
03-01-2011,10.34802335,5.886593076,10.49331685,13.92551408,13.81791666,13.4163396,13.0067415,11.64283907,1.773500529,2.17507759,2.282675007,12.06725301,4.196331938,0,0,1,0,0,0,0,0,0,0,0,1.956769093,3.972176928,2.035346746
04-01-2011,10.47223856,5.886593076,10.49331685,13.92551408,13.81791666,13.4163396,13.0067415,11.64283907,1.773500529,2.17507759,2.282675007,12.06725301,4.320673773,0,0,0,1,0,0,0,0,0,0,0,1.956769093,3.96271612,2.035346746
05-01-2011,10.68535455,5.886593076,10.49331685,13.92551408,13.81791666,13.4163396,13.0067415,11.64283907,1.773500529,2.17507759,2.282675007,12.06725301,4.413516169,0,0,0,0,1,0,0,0,0,0,0,1.956769093,3.955082495,2.035346746
06-01-2011,10.80682558,5.886593076,10.49331685,13.92551408,13.81791666,13.4163396,13.0067415,11.64283907,1.773500529,2.17507759,2.282675007,12.06725301,4.475862799,0,0,0,0,0,1,0,0,0,0,0,1.956769093,3.945457782,2.035346746
07-01-2011,10.85287448,5.886593076,10.49331685,13.92551408,13.81791666,13.4163396,13.0067415,11.64283907,1.773500529,2.17507759,2.282675007,12.06725301,4.511577148,0,0,0,0,0,0,1,0,0,0,0,1.956769093,3.955082495,2.035346746
08-01-2011,10.82979382,5.886593076,10.49331685,13.92551408,13.81791666,13.4163396,13.0067415,11.64283907,1.773500529,2.17507759,2.282675007,12.06725301,4.499565541,0,0,0,0,0,0,0,1,0,0,0,1.956769093,3.956996371,2.035346746
09-01-2011,10.61004359,5.886593076,10.49331685,13.92551408,13.81791666,13.4163396,13.0067415,11.64283907,1.773500529,2.17507759,2.282675007,12.06725301,4.445666737,0,0,0,0,0,0,0,0,1,0,0,1.956769093,3.94931879,2.035346746
10-01-2011,10.28589126,5.886593076,10.49331685,13.92551408,13.81791666,13.4163396,13.0067415,11.64283907,1.773500529,2.17507759,2.282675007,12.06725301,4.367770485,0,0,0,0,0,0,0,0,0,1,0,1.956769093,3.929862924,2.035346746
11-01-2011,10.18327581,5.886593076,10.49331685,13.92551408,13.81791666,13.4163396,13.0067415,11.64283907,1.773500529,2.17507759,2.282675007,12.06725301,4.237567069,0,0,0,0,0,0,0,0,0,0,1,1.956769093,3.923951576,2.035346746
12-01-2011,10.06882461,5.886593076,10.49331685,13.92551408,13.81791666,13.4163396,13.0067415,11.64283907,1.773500529,2.17507759,2.282675007,12.06725301,4.085440828,0,0,0,0,0,0,0,0,0,0,0,1.956769093,3.925925911,2.035346746
01-01-2012,10.25945132,5.980006948,10.59547621,13.93173327,13.82144094,13.40262196,13.042259,11.67247298,1.73014898,2.148967954,2.259260282,12.11595098,4.018643351,1,0,0,0,0,0,0,0,0,0,0,2.002701354,3.914021008,2.105086291
02-01-2012,10.05417222,5.980006948,10.59547621,13.93173327,13.82144094,13.40262196,13.042259,11.67247298,1.73014898,2.148967954,2.259260282,12.11595098,4.082975075,0,1,0,0,0,0,0,0,0,0,0,2.002701354,3.945457782,2.105086291
03-01-2012,10.26813618,5.980006948,10.59547621,13.93173327,13.82144094,13.40262196,13.042259,11.67247298,1.73014898,2.148967954,2.259260282,12.11595098,4.195617224,0,0,1,0,0,0,0,0,0,0,0,2.002701354,3.945457782,2.105086291
04-01-2012,10.51745465,5.980006948,10.59547621,13.93173327,13.82144094,13.40262196,13.042259,11.67247298,1.73014898,2.148967954,2.259260282,12.11595098,4.320723453,0,0,0,1,0,0,0,0,0,0,0,2.002701354,3.943521672,2.105086291
05-01-2012,10.72105459,5.980006948,10.59547621,13.93173327,13.82144094,13.40262196,13.042259,11.67247298,1.73014898,2.148967954,2.259260282,12.11595098,4.414261118,0,0,0,0,1,0,0,0,0,0,0,2.002701354,3.929862924,2.105086291
06-01-2012,10.82886947,5.980006948,10.59547621,13.93173327,13.82144094,13.40262196,13.042259,11.67247298,1.73014898,2.148967954,2.259260282,12.11595098,4.477081028,0,0,0,0,0,1,0,0,0,0,0,2.002701354,3.923951576,2.105086291
07-01-2012,10.90174516,5.980006948,10.59547621,13.93173327,13.82144094,13.40262196,13.042259,11.67247298,1.73014898,2.148967954,2.259260282,12.11595098,4.51332263,0,0,0,0,0,0,1,0,0,0,0,2.002701354,3.921973336,2.105086291
08-01-2012,10.83395711,5.980006948,10.59547621,13.93173327,13.82144094,13.40262196,13.042259,11.67247298,1.73014898,2.148967954,2.259260282,12.11595098,4.501887148,0,0,0,0,0,0,0,1,0,0,0,2.002701354,3.919991175,2.105086291
09-01-2012,10.55439299,5.980006948,10.59547621,13.93173327,13.82144094,13.40262196,13.042259,11.67247298,1.73014898,2.148967954,2.259260282,12.11595098,4.448732338,0,0,0,0,0,0,0,0,1,0,0,2.002701354,3.912023005,2.105086291
10-01-2012,10.2743,5.980006948,10.59547621,13.93173327,13.82144094,13.40262196,13.042259,11.67247298,1.73014898,2.148967954,2.259260282,12.11595098,4.371633491,0,0,0,0,0,0,0,0,0,1,0,2.002701354,3.916015027,2.105086291
11-01-2012,10.05975967,5.980006948,10.59547621,13.93173327,13.82144094,13.40262196,13.042259,11.67247298,1.73014898,2.148967954,2.259260282,12.11595098,4.242309382,0,0,0,0,0,0,0,0,0,0,1,2.002701354,3.918005077,2.105086291
12-01-2012,9.900852424,5.980006948,10.59547621,13.93173327,13.82144094,13.40262196,13.042259,11.67247298,1.73014898,2.148967954,2.259260282,12.11595098,4.0918808,0,0,0,0,0,0,0,0,0,0,0,2.002701354,3.923951576,2.105086291
01-01-2013,10.37866068,6.071202474,10.68901111,13.93665416,13.82314931,13.38580399,13.077548,11.70452881,1.681275173,2.118620496,2.23212535,12.16514127,4.026688816,1,0,0,0,0,0,0,0,0,0,0,2.055020855,3.908014984,2.182184969
02-01-2013,10.04626594,6.071202474,10.68901111,13.93665416,13.82314931,13.38580399,13.077548,11.70452881,1.681275173,2.118620496,2.23212535,12.16514127,4.091219406,0,1,0,0,0,0,0,0,0,0,0,2.055020855,3.908014984,2.182184969
03-01-2013,10.42309261,6.071202474,10.68901111,13.93665416,13.82314931,13.38580399,13.077548,11.70452881,1.681275173,2.118620496,2.23212535,12.16514127,4.203094213,0,0,1,0,0,0,0,0,0,0,0,2.055020855,3.914021008,2.182184969
04-01-2013,10.51347237,6.071202474,10.68901111,13.93665416,13.82314931,13.38580399,13.077548,11.70452881,1.681275173,2.118620496,2.23212535,12.16514127,4.326914119,0,0,0,1,0,0,0,0,0,0,0,2.055020855,3.916015027,2.182184969
05-01-2013,10.68542419,6.071202474,10.68901111,13.93665416,13.82314931,13.38580399,13.077548,11.70452881,1.681275173,2.118620496,2.23212535,12.16514127,4.419813406,0,0,0,0,1,0,0,0,0,0,0,2.055020855,3.914021008,2.182184969
06-01-2013,10.84623434,6.071202474,10.68901111,13.93665416,13.82314931,13.38580399,13.077548,11.70452881,1.681275173,2.118620496,2.23212535,12.16514127,4.482315877,0,0,0,0,0,1,0,0,0,0,0,2.055020855,3.914021008,2.182184969
07-01-2013,10.91235713,6.071202474,10.68901111,13.93665416,13.82314931,13.38580399,13.077548,11.70452881,1.681275173,2.118620496,2.23212535,12.16514127,4.518434332,0,0,0,0,0,0,1,0,0,0,0,2.055020855,3.916015027,2.182184969
08-01-2013,10.88745163,6.071202474,10.68901111,13.93665416,13.82314931,13.38580399,13.077548,11.70452881,1.681275173,2.118620496,2.23212535,12.16514127,4.507190469,0,0,0,0,0,0,0,1,0,0,0,2.055020855,3.929862924,2.182184969
09-01-2013,10.5852369,6.071202474,10.68901111,13.93665416,13.82314931,13.38580399,13.077548,11.70452881,1.681275173,2.118620496,2.23212535,12.16514127,4.4542583,0,0,0,0,0,0,0,0,1,0,0,2.055020855,3.916015027,2.182184969
10-01-2013,10.29925763,6.071202474,10.68901111,13.93665416,13.82314931,13.38580399,13.077548,11.70452881,1.681275173,2.118620496,2.23212535,12.16514127,4.377516631,0,0,0,0,0,0,0,0,0,1,0,2.055020855,3.919991175,2.182184969
11-01-2013,10.07231842,6.071202474,10.68901111,13.93665416,13.82314931,13.38580399,13.077548,11.70452881,1.681275173,2.118620496,2.23212535,12.16514127,4.248917606,0,0,0,0,0,0,0,0,0,0,1,2.055020855,3.927896355,2.182184969
12-01-2013,9.944935125,6.071202474,10.68901111,13.93665416,13.82314931,13.38580399,13.077548,11.70452881,1.681275173,2.118620496,2.23212535,12.16514127,4.099249082,0,0,0,0,0,0,0,0,0,0,0,2.055020855,3.910021003,2.182184969
01-01-2014,10.45371043,6.144437871,10.76457901,13.94110831,13.82355412,13.36782404,13.11174925,11.74205109,1.625772951,2.081503034,2.199057224,12.21080642,4.033976823,1,0,0,0,0,0,0,0,0,0,0,2.120247868,3.891820298,2.263310354
02-01-2014,10.07325444,6.144437871,10.76457901,13.94110831,13.82355412,13.36782404,13.11174925,11.74205109,1.625772951,2.081503034,2.199057224,12.21080642,4.096872494,0,1,0,0,0,0,0,0,0,0,0,2.120247868,3.90197267,2.263310354
03-01-2014,10.42953973,6.144437871,10.76457901,13.94110831,13.82355412,13.36782404,13.11174925,11.74205109,1.625772951,2.081503034,2.199057224,12.21080642,4.207633251,0,0,1,0,0,0,0,0,0,0,0,2.120247868,3.910021003,2.263310354
04-01-2014,10.52461476,6.144437871,10.76457901,13.94110831,13.82355412,13.36782404,13.11174925,11.74205109,1.625772951,2.081503034,2.199057224,12.21080642,4.330728276,0,0,0,1,0,0,0,0,0,0,0,2.120247868,3.897924081,2.263310354
05-01-2014,10.66597112,6.144437871,10.76457901,13.94110831,13.82355412,13.36782404,13.11174925,11.74205109,1.625772951,2.081503034,2.199057224,12.21080642,4.422979844,0,0,0,0,1,0,0,0,0,0,0,2.120247868,3.903990834,2.263310354
06-01-2014,10.81732814,6.144437871,10.76457901,13.94110831,13.82355412,13.36782404,13.11174925,11.74205109,1.625772951,2.081503034,2.199057224,12.21080642,4.485032035,0,0,0,0,0,1,0,0,0,0,0,2.120247868,3.90197267,2.263310354
07-01-2014,10.87292882,6.144437871,10.76457901,13.94110831,13.82355412,13.36782404,13.11174925,11.74205109,1.625772951,2.081503034,2.199057224,12.21080642,4.520815468,0,0,0,0,0,0,1,0,0,0,0,2.120247868,3.887730313,2.263310354
08-01-2014,10.76438318,6.144437871,10.76457901,13.94110831,13.82355412,13.36782404,13.11174925,11.74205109,1.625772951,2.081503034,2.199057224,12.21080642,4.509311276,0,0,0,0,0,0,0,1,0,0,0,2.120247868,3.889777396,2.263310354
09-01-2014,10.46728152,6.144437871,10.76457901,13.94110831,13.82355412,13.36782404,13.11174925,11.74205109,1.625772951,2.081503034,2.199057224,12.21080642,4.456479138,0,0,0,0,0,0,0,0,1,0,0,2.120247868,3.889777396,2.263310354
10-01-2014,10.22705663,6.144437871,10.76457901,13.94110831,13.82355412,13.36782404,13.11174925,11.74205109,1.625772951,2.081503034,2.199057224,12.21080642,4.379776198,0,0,0,0,0,0,0,0,0,1,0,2.120247868,3.88567903,2.263310354
11-01-2014,9.937562005,6.144437871,10.76457901,13.94110831,13.82355412,13.36782404,13.11174925,11.74205109,1.625772951,2.081503034,2.199057224,12.21080642,4.25120244,0,0,0,0,0,0,0,0,0,0,1,2.120247868,3.889777396,2.263310354
12-01-2014,9.820947225,6.144437871,10.76457901,13.94110831,13.82355412,13.36782404,13.11174925,11.74205109,1.625772951,2.081503034,2.199057224,12.21080642,4.101532322,0,0,0,0,0,0,0,0,0,0,0,2.120247868,3.883623531,2.263310354
01-01-2015,10.42578064,6.201538715,10.83680015,13.94560154,13.82298654,13.35004223,13.14430294,11.78621445,1.563827777,2.036772091,2.159387087,12.25122764,4.036008694,1,0,0,0,0,0,0,0,0,0,0,2.209878765,3.893859035,2.369814367
02-01-2015,10.05168532,6.201538715,10.83680015,13.94560154,13.82298654,13.35004223,13.14430294,11.78621445,1.563827777,2.036772091,2.159387087,12.25122764,4.098661243,0,1,0,0,0,0,0,0,0,0,0,2.209878765,3.887730313,2.369814367
03-01-2015,10.42108432,6.201538715,10.83680015,13.94560154,13.82298654,13.35004223,13.14430294,11.78621445,1.563827777,2.036772091,2.159387087,12.25122764,4.208499369,0,0,1,0,0,0,0,0,0,0,0,2.209878765,3.88567903,2.369814367
04-01-2015,10.47316986,6.201538715,10.83680015,13.94560154,13.82298654,13.35004223,13.14430294,11.78621445,1.563827777,2.036772091,2.159387087,12.25122764,4.330949167,0,0,0,1,0,0,0,0,0,0,0,2.209878765,3.881563798,2.369814367
05-01-2015,10.63048641,6.201538715,10.83680015,13.94560154,13.82298654,13.35004223,13.14430294,11.78621445,1.563827777,2.036772091,2.159387087,12.25122764,4.422650655,0,0,0,0,1,0,0,0,0,0,0,2.209878765,3.869115504,2.369814367
06-01-2015,10.71276802,6.201538715,10.83680015,13.94560154,13.82298654,13.35004223,13.14430294,11.78621445,1.563827777,2.036772091,2.159387087,12.25122764,4.48420768,0,0,0,0,0,1,0,0,0,0,0,2.209878765,3.889777396,2.369814367
07-01-2015,10.75413456,6.201538715,10.83680015,13.94560154,13.82298654,13.35004223,13.14430294,11.78621445,1.563827777,2.036772091,2.159387087,12.25122764,4.519447357,0,0,0,0,0,0,1,0,0,0,0,2.209878765,3.883623531,2.369814367
08-01-2015,10.71515201,6.201538715,10.83680015,13.94560154,13.82298654,13.35004223,13.14430294,11.78621445,1.563827777,2.036772091,2.159387087,12.25122764,4.507639219,0,0,0,0,0,0,0,1,0,0,0,2.209878765,3.88567903,2.369814367
09-01-2015,10.43395909,6.201538715,10.83680015,13.94560154,13.82298654,13.35004223,13.14430294,11.78621445,1.563827777,2.036772091,2.159387087,12.25122764,4.454386659,0,0,0,0,0,0,0,0,1,0,0,2.209878765,3.88567903,2.369814367
10-01-2015,10.13552057,6.201538715,10.83680015,13.94560154,13.82298654,13.35004223,13.14430294,11.78621445,1.563827777,2.036772091,2.159387087,12.25122764,4.377330021,0,0,0,0,0,0,0,0,0,1,0,2.209878765,3.88567903,2.369814367
11-01-2015,9.845264549,6.201538715,10.83680015,13.94560154,13.82298654,13.35004223,13.14430294,11.78621445,1.563827777,2.036772091,2.159387087,12.25122764,4.248340187,0,0,0,0,0,0,0,0,0,0,1,2.209878765,3.871201011,2.369814367
12-01-2015,9.759559063,6.201538715,10.83680015,13.94560154,13.82298654,13.35004223,13.14430294,11.78621445,1.563827777,2.036772091,2.159387087,12.25122764,4.09827192,0,0,0,0,0,0,0,0,0,0,0,2.209878765,3.875359021,2.369814367
01-01-2016,10.44232788,6.258756588,10.89504074,13.94964977,13.82077567,13.33259675,13.17413766,11.83698527,1.495611479,1.983790402,2.112664495,12.28641223,4.032525068,1,0,0,0,0,0,0,0,0,0,0,2.230465399,3.877431561,2.446375734
02-01-2016,9.945370842,6.258756588,10.89504074,13.94964977,13.82077567,13.33259675,13.17413766,11.83698527,1.495611479,1.983790402,2.112664495,12.28641223,4.096010088,0,1,0,0,0,0,0,0,0,0,0,2.230465399,3.877431561,2.446375734
03-01-2016,10.36764826,6.258756588,10.89504074,13.94964977,13.82077567,13.33259675,13.17413766,11.83698527,1.495611479,1.983790402,2.112664495,12.28641223,4.20691751,0,0,1,0,0,0,0,0,0,0,0,2.230465399,3.875359021,2.446375734
04-01-2016,10.33990842,6.258756588,10.89504074,13.94964977,13.82077567,13.33259675,13.17413766,11.83698527,1.495611479,1.983790402,2.112664495,12.28641223,4.330293914,0,0,0,1,0,0,0,0,0,0,0,2.230465399,3.881563798,2.446375734
05-01-2016,10.54949717,6.258756588,10.89504074,13.94964977,13.82077567,13.33259675,13.17413766,11.83698527,1.495611479,1.983790402,2.112664495,12.28641223,4.422668902,0,0,0,0,1,0,0,0,0,0,0,2.230465399,3.88567903,2.446375734
06-01-2016,10.66312637,6.258756588,10.89504074,13.94964977,13.82077567,13.33259675,13.17413766,11.83698527,1.495611479,1.983790402,2.112664495,12.28641223,4.4848152,0,0,0,0,0,1,0,0,0,0,0,2.230465399,3.877431561,2.446375734
07-01-2016,10.72022562,6.258756588,10.89504074,13.94964977,13.82077567,13.33259675,13.17413766,11.83698527,1.495611479,1.983790402,2.112664495,12.28641223,4.5206011,0,0,0,0,0,0,1,0,0,0,0,2.230465399,3.879499814,2.446375734
08-01-2016,10.72950481,6.258756588,10.89504074,13.94964977,13.82077567,13.33259675,13.17413766,11.83698527,1.495611479,1.983790402,2.112664495,12.28641223,4.509124404,0,0,0,0,0,0,0,1,0,0,0,2.230465399,3.887730313,2.446375734
09-01-2016,10.45429092,6.258756588,10.89504074,13.94964977,13.82077567,13.33259675,13.17413766,11.83698527,1.495611479,1.983790402,2.112664495,12.28641223,4.45620274,0,0,0,0,0,0,0,0,1,0,0,2.230465399,3.895893623,2.446375734
10-01-2016,10.04680837,6.258756588,10.89504074,13.94964977,13.82077567,13.33259675,13.17413766,11.83698527,1.495611479,1.983790402,2.112664495,12.28641223,4.379395903,0,0,0,0,0,0,0,0,0,1,0,2.230465399,3.899950424,2.446375734
11-01-2016,9.814437736,6.258756588,10.89504074,13.94964977,13.82077567,13.33259675,13.17413766,11.83698527,1.495611479,1.983790402,2.112664495,12.28641223,4.251007813,0,0,0,0,0,0,0,0,0,0,1,2.230465399,3.910021003,2.446375734
12-01-2016,9.827739775,6.258756588,10.89504074,13.94964977,13.82077567,13.33259675,13.17413766,11.83698527,1.495611479,1.983790402,2.112664495,12.28641223,4.101783539,0,0,0,0,0,0,0,0,0,0,0,2.230465399,3.90197267,2.446375734
01-01-2017,10.41450602,6.328372318,10.97558956,13.95389416,13.8178159,13.31558201,13.20272973,11.89210135,1.423480658,1.925714545,2.061792806,12.31763638,4.036151664,1,0,0,0,0,0,0,0,0,0,0,2.253204886,3.90197267,2.534712906
02-01-2017,10.02175207,6.328372318,10.97558956,13.95389416,13.8178159,13.31558201,13.20272973,11.89210135,1.423480658,1.925714545,2.061792806,12.31763638,4.09909985,0,1,0,0,0,0,0,0,0,0,0,2.253204886,3.906004933,2.534712906
03-01-2017,10.33149956,6.328372318,10.97558956,13.95389416,13.8178159,13.31558201,13.20272973,11.89210135,1.423480658,1.925714545,2.061792806,12.31763638,4.209383069,0,0,1,0,0,0,0,0,0,0,0,2.253204886,3.871201011,2.534712906
04-01-2017,10.31767537,6.328372318,10.97558956,13.95389416,13.8178159,13.31558201,13.20272973,11.89210135,1.423480658,1.925714545,2.061792806,12.31763638,4.332145476,0,0,0,1,0,0,0,0,0,0,0,2.253204886,3.879499814,2.534712906
05-01-2017,10.55272731,6.328372318,10.97558956,13.95389416,13.8178159,13.31558201,13.20272973,11.89210135,1.423480658,1.925714545,2.061792806,12.31763638,4.424167824,0,0,0,0,1,0,0,0,0,0,0,2.253204886,3.883623531,2.534712906
06-01-2017,10.69622723,6.328372318,10.97558956,13.95389416,13.8178159,13.31558201,13.20272973,11.89210135,1.423480658,1.925714545,2.061792806,12.31763638,4.486019886,0,0,0,0,0,1,0,0,0,0,0,2.253204886,3.877431561,2.534712906
07-01-2017,,6.328372318,10.97558956,13.95389416,13.8178159,13.31558201,13.20272973,11.89210135,1.423480658,1.925714545,2.061792806,12.31763638,4.521617249,0,0,0,0,0,0,1,0,0,0,0,2.253204886,3.879499814,2.534712906
08-01-2017,,6.328372318,10.97558956,13.95389416,13.8178159,13.31558201,13.20272973,11.89210135,1.423480658,1.925714545,2.061792806,12.31763638,4.510034421,0,0,0,0,0,0,0,1,0,0,0,2.253204886,3.889777396,2.534712906
09-01-2017,,6.328372318,10.97558956,13.95389416,13.8178159,13.31558201,13.20272973,11.89210135,1.423480658,1.925714545,2.061792806,12.31763638,4.457067721,0,0,0,0,0,0,0,0,1,0,0,2.253204886,3.897924081,2.534712906
10-01-2017,,6.328372318,10.97558956,13.95389416,13.8178159,13.31558201,13.20272973,11.89210135,1.423480658,1.925714545,2.061792806,12.31763638,4.380301958,0,0,0,0,0,0,0,0,0,1,0,2.253204886,3.903990834,2.534712906
11-01-2017,,6.328372318,10.97558956,13.95389416,13.8178159,13.31558201,13.20272973,11.89210135,1.423480658,1.925714545,2.061792806,12.31763638,4.251828839,0,0,0,0,0,0,0,0,0,0,1,2.253204886,3.916015027,2.534712906
12-01-2017,,6.328372318,10.97558956,13.95389416,13.8178159,13.31558201,13.20272973,11.89210135,1.423480658,1.925714545,2.061792806,12.31763638,4.102285655,0,0,0,0,0,0,0,0,0,0,0,2.253204886,3.908014984,2.534712906
01-01-2018,,6.40736073,11.04866356,13.95823506,13.81450205,13.29951158,13.22943683,11.94743144,1.352080134,1.867070608,2.010803622,12.34703387,4.036687831,1,0,0,0,0,0,0,0,0,0,0,2.268190812,3.908014984,2.630250181
02-01-2018,,6.40736073,11.04866356,13.95823506,13.81450205,13.29951158,13.22943683,11.94743144,1.352080134,1.867070608,2.010803622,12.34703387,4.099603315,0,1,0,0,0,0,0,0,0,0,0,2.268190812,3.912023005,2.630250181
03-01-2018,,6.40736073,11.04866356,13.95823506,13.81450205,13.29951158,13.22943683,11.94743144,1.352080134,1.867070608,2.010803622,12.34703387,4.209833975,0,0,1,0,0,0,0,0,0,0,0,2.268190812,3.875359021,2.630250181
04-01-2018,,6.40736073,11.04866356,13.95823506,13.81450205,13.29951158,13.22943683,11.94743144,1.352080134,1.867070608,2.010803622,12.34703387,4.3325443,0,0,0,1,0,0,0,0,0,0,0,2.268190812,3.883623531,2.630250181
05-01-2018,,6.40736073,11.04866356,13.95823506,13.81450205,13.29951158,13.22943683,11.94743144,1.352080134,1.867070608,2.010803622,12.34703387,4.424531592,0,0,0,0,1,0,0,0,0,0,0,2.268190812,3.887730313,2.630250181
06-01-2018,,6.40736073,11.04866356,13.95823506,13.81450205,13.29951158,13.22943683,11.94743144,1.352080134,1.867070608,2.010803622,12.34703387,4.48636184,0,0,0,0,0,1,0,0,0,0,0,2.268190812,3.881563798,2.630250181
07-01-2018,,6.40736073,11.04866356,13.95823506,13.81450205,13.29951158,13.22943683,11.94743144,1.352080134,1.867070608,2.010803622,12.34703387,4.521947245,0,0,0,0,0,0,1,0,0,0,0,2.268190812,3.881563798,2.630250181
08-01-2018,,6.40736073,11.04866356,13.95823506,13.81450205,13.29951158,13.22943683,11.94743144,1.352080134,1.867070608,2.010803622,12.34703387,4.510368262,0,0,0,0,0,0,0,1,0,0,0,2.268190812,3.891820298,2.630250181
09-01-2018,,6.40736073,11.04866356,13.95823506,13.81450205,13.29951158,13.22943683,11.94743144,1.352080134,1.867070608,2.010803622,12.34703387,4.457419718,0,0,0,0,0,0,0,0,1,0,0,2.268190812,3.899950424,2.630250181
10-01-2018,,6.40736073,11.04866356,13.95823506,13.81450205,13.29951158,13.22943683,11.94743144,1.352080134,1.867070608,2.010803622,12.34703387,4.380682035,0,0,0,0,0,0,0,0,0,1,0,2.268190812,3.906004933,2.630250181
11-01-2018,,6.40736073,11.04866356,13.95823506,13.81450205,13.29951158,13.22943683,11.94743144,1.352080134,1.867070608,2.010803622,12.34703387,4.25226101,0,0,0,0,0,0,0,0,0,0,1,2.268190812,3.916015027,2.630250181
12-01-2018,,6.40736073,11.04866356,13.95823506,13.81450205,13.29951158,13.22943683,11.94743144,1.352080134,1.867070608,2.010803622,12.34703387,4.102787519,0,0,0,0,0,0,0,0,0,0,0,2.268190812,3.906004933,2.630250181
01-01-2019,,6.493220696,11.12207956,13.96238713,13.81131477,13.28489371,13.25333725,11.99780539,1.287088315,1.813509377,1.96458174,12.37726163,4.037223711,1,0,0,0,0,0,0,0,0,0,0,2.302589159,3.908014984,2.73001805
02-01-2019,,6.493220696,11.12207956,13.96238713,13.81131477,13.28489371,13.25333725,11.99780539,1.287088315,1.813509377,1.96458174,12.37726163,4.100106526,0,1,0,0,0,0,0,0,0,0,0,2.302589159,3.912023005,2.73001805
03-01-2019,,6.493220696,11.12207956,13.96238713,13.81131477,13.28489371,13.25333725,11.99780539,1.287088315,1.813509377,1.96458174,12.37726163,4.210284677,0,0,1,0,0,0,0,0,0,0,0,2.302589159,3.877431561,2.73001805
04-01-2019,,6.493220696,11.12207956,13.96238713,13.81131477,13.28489371,13.25333725,11.99780539,1.287088315,1.813509377,1.96458174,12.37726163,4.332942965,0,0,0,1,0,0,0,0,0,0,0,2.302589159,3.88567903,2.73001805
05-01-2019,,6.493220696,11.12207956,13.96238713,13.81131477,13.28489371,13.25333725,11.99780539,1.287088315,1.813509377,1.96458174,12.37726163,4.424895228,0,0,0,0,1,0,0,0,0,0,0,2.302589159,3.889777396,2.73001805
06-01-2019,,6.493220696,11.12207956,13.96238713,13.81131477,13.28489371,13.25333725,11.99780539,1.287088315,1.813509377,1.96458174,12.37726163,4.486703676,0,0,0,0,0,1,0,0,0,0,0,2.302589159,3.883623531,2.73001805
07-01-2019,,6.493220696,11.12207956,13.96238713,13.81131477,13.28489371,13.25333725,11.99780539,1.287088315,1.813509377,1.96458174,12.37726163,4.522277134,0,0,0,0,0,0,1,0,0,0,0,2.302589159,3.88567903,2.73001805
08-01-2019,,6.493220696,11.12207956,13.96238713,13.81131477,13.28489371,13.25333725,11.99780539,1.287088315,1.813509377,1.96458174,12.37726163,4.510701991,0,0,0,0,0,0,0,1,0,0,0,2.302589159,3.895893623,2.73001805
09-01-2019,,6.493220696,11.12207956,13.96238713,13.81131477,13.28489371,13.25333725,11.99780539,1.287088315,1.813509377,1.96458174,12.37726163,4.457771591,0,0,0,0,0,0,0,0,1,0,0,2.302589159,3.903990834,2.73001805
10-01-2019,,6.493220696,11.12207956,13.96238713,13.81131477,13.28489371,13.25333725,11.99780539,1.287088315,1.813509377,1.96458174,12.37726163,4.381061968,0,0,0,0,0,0,0,0,0,1,0,2.302589159,3.910021003,2.73001805
11-01-2019,,6.493220696,11.12207956,13.96238713,13.81131477,13.28489371,13.25333725,11.99780539,1.287088315,1.813509377,1.96458174,12.37726163,4.252692994,0,0,0,0,0,0,0,0,0,0,1,2.302589159,3.921973336,2.73001805
12-01-2019,,6.493220696,11.12207956,13.96238713,13.81131477,13.28489371,13.25333725,11.99780539,1.287088315,1.813509377,1.96458174,12.37726163,4.103289131,0,0,0,0,0,0,0,0,0,0,0,2.302589159,3.914021008,2.73001805
